Unnamed: 0,CPUname,Type,Release Date,Process Size (nm),TDP (W),Die Size (mm^2),Transistors (million),Freq (MHz),Foundry,Vendor,FP16 GFLOPS,FP32 GFLOPS,FP64 GFLOPS
0,AMD Athlon 64 3500+,CPU,2007-02-20,65.0,45.0,77.0,122.0,2200.0,Unknown,AMD,,,
1,AMD Athlon 200GE,CPU,2018-09-06,14.0,35.0,192.0,4800.0,3200.0,Unknown,AMD,,,
4,AMD Phenom II X4 980 BE,CPU,2011-05-03,45.0,125.0,258.0,758.0,3700.0,Unknown,AMD,,,
6,AMD Phenom X4 9750 (125W),CPU,2008-03-27,65.0,125.0,285.0,450.0,2400.0,Unknown,AMD,,,
9,AMD Athlon 64 X2 4200+,CPU,2006-05-23,90.0,89.0,156.0,154.0,2200.0,Unknown,AMD,,,
10,AMD Sempron 2800+,CPU,2004-08-01,130.0,62.0,80.0,37.0,1992.0,Unknown,AMD,,,
12,AMD C-70,CPU,2012-09-01,40.0,9.0,75.0,,1000.0,Unknown,AMD,,,
14,AMD Phenom X4 9600 BE,CPU,2007-12-19,65.0,95.0,285.0,450.0,2300.0,Unknown,AMD,,,
16,AMD Turion X2 Ultra ZM-84,CPU,2008-09-01,65.0,35.0,,,2300.0,Unknown,AMD,,,
19,AMD Athlon 64 X2 4800+,CPU,2006-05-23,90.0,110.0,199.0,233.0,2400.0,Unknown,AMD,,,
21,AMD Opteron 148 HE,CPU,2004-12-01,90.0,55.0,,106.0,2200.0,Unknown,AMD,,,
22,AMD Athlon 1100,CPU,2000-08-14,180.0,60.0,120.0,37.0,1100.0,Unknown,AMD,,,
24,AMD Athlon 64 3500+,CPU,2001-01-01,90.0,67.0,115.0,105.0,2200.0,Unknown,AMD,,,
27,AMD EPYC 7371,CPU,2018-11-16,14.0,170.0,213.0,4800.0,3100.0,GF,AMD,,,
30,AMD Sempron 140,CPU,2009-07-22,45.0,45.0,117.0,234.0,2700.0,Unknown,AMD,,,
31,AMD EPYC 7501,CPU,2017-06-29,14.0,170.0,213.0,4800.0,2000.0,GF,AMD,,,
38,AMD Phenom X4 9600,CPU,2007-11-19,65.0,95.0,285.0,450.0,2300.0,Unknown,AMD,,,
40,AMD Opteron X2 180,CPU,2005-09-26,90.0,110.0,,233.0,2400.0,Unknown,AMD,,,
41,AMD E2-3200,CPU,2011-09-07,32.0,65.0,228.0,1178.0,2400.0,Unknown,AMD,,,
42,AMD Turion 64 MT-34,CPU,2005-03-10,90.0,25.0,125.0,114.0,1800.0,Unknown,AMD,,,
46,AMD Opteron X2 185,CPU,2006-03-06,90.0,110.0,,233.0,2600.0,Unknown,AMD,,,
48,AMD Ryzen 5 1400,CPU,2017-04-11,14.0,65.0,192.0,4800.0,3200.0,GF,AMD,,,
49,AMD A4-3300M,CPU,2011-06-14,32.0,35.0,228.0,1178.0,1900.0,Unknown,AMD,,,
51,AMD Opteron 848,CPU,2004-12-01,90.0,85.0,,106.0,2200.0,Unknown,AMD,,,
54,AMD A6-3600,CPU,2011-06-30,32.0,65.0,228.0,1178.0,2100.0,Unknown,AMD,,,
58,AMD Athlon 64 X2 5600+,CPU,2006-12-12,90.0,89.0,220.0,227.0,2800.0,Unknown,AMD,,,
59,AMD Athlon II X4 640,CPU,2010-05-11,45.0,95.0,169.0,300.0,3000.0,Unknown,AMD,,,
61,AMD EPYC 7302,CPU,2019-08-07,7.0,155.0,74.0,3800.0,3000.0,TSMC,AMD,,,
64,AMD Ryzen 9 5900HX,CPU,2021-01-12,7.0,45.0,156.0,9800.0,3300.0,TSMC,AMD,,,
65,AMD EPYC 7502,CPU,2019-08-07,7.0,180.0,74.0,3800.0,2500.0,TSMC,AMD,,,
66,AMD Athlon 64 4000+,CPU,2007-02-20,90.0,62.0,230.0,227.0,2600.0,Unknown,AMD,,,
69,AMD Mobile Athlon 64 3400+,CPU,2005-08-01,130.0,82.0,193.0,106.0,2200.0,Unknown,AMD,,,
77,AMD Athlon 64 3500+,CPU,2005-05-31,90.0,67.0,156.0,154.0,2200.0,Unknown,AMD,,,
78,AMD Ryzen 9 5950X,CPU,2020-11-05,7.0,105.0,,,3400.0,TSMC,AMD,,,
81,AMD EPYC 7763,CPU,2021-03-15,7.0,280.0,,,2450.0,TSMC,AMD,,,
83,AMD Ryzen Threadripper PRO 3955WX,CPU,2020-07-14,7.0,280.0,74.0,3800.0,3900.0,TSMC,AMD,,,
85,AMD Athlon 64 X2 4000+,CPU,2006-05-23,90.0,89.0,220.0,154.0,2000.0,Unknown,AMD,,,
88,AMD Ryzen 7 3750H,CPU,2019-01-06,12.0,35.0,210.0,4940.0,2300.0,GF,AMD,,,
90,AMD Ryzen 5 5500U,CPU,2021-01-12,7.0,25.0,156.0,9800.0,2100.0,TSMC,AMD,,,
96,AMD A4-5300B,CPU,2012-10-02,32.0,65.0,246.0,1178.0,3400.0,Unknown,AMD,,,
99,AMD A8-5600K,CPU,2012-10-02,32.0,100.0,246.0,1178.0,3600.0,Unknown,AMD,,,
100,AMD Athlon XP 2600+,CPU,2002-10-01,130.0,68.0,80.0,37.0,2133.0,Unknown,AMD,,,
101,AMD Athlon 64 3000+,CPU,2003-12-15,130.0,89.0,193.0,69.0,2000.0,Unknown,AMD,,,
105,AMD E1-2150,CPU,2014-02-01,32.0,9.0,246.0,1178.0,1050.0,Unknown,AMD,,,
107,AMD Athlon Gold 3150G,CPU,2020-07-21,12.0,65.0,,,3500.0,GF,AMD,,,
110,AMD Athlon 64 3500+,CPU,2007-02-20,90.0,62.0,230.0,227.0,2200.0,Unknown,AMD,,,
111,AMD Sempron 3400+ EE SFF,CPU,2006-05-23,90.0,35.0,103.0,81.0,1800.0,Unknown,AMD,,,
113,AMD A6-3410MX,CPU,2011-06-14,32.0,45.0,228.0,1178.0,1600.0,Unknown,AMD,,,
115,AMD Opteron A1150,CPU,2016-01-14,28.0,32.0,,,1700.0,Unknown,AMD,,,
120,AMD Athlon XP 1900+,CPU,2001-11-05,180.0,68.0,150.0,37.0,1600.0,Unknown,AMD,,,
122,AMD Athlon 64 3000+,CPU,2005-04-14,130.0,62.0,,105.0,1800.0,Unknown,AMD,,,
124,AMD Phenom X3 8550,CPU,2008-04-23,65.0,95.0,285.0,450.0,2200.0,Unknown,AMD,,,
127,AMD Athlon XP 2200+,CPU,2002-06-10,130.0,68.0,80.0,37.0,1800.0,Unknown,AMD,,,
128,AMD Athlon Silver PRO 3125GE,CPU,2020-07-21,12.0,35.0,,,3400.0,GF,AMD,,,
132,AMD Ryzen 5 4600U,CPU,2020-01-06,7.0,25.0,156.0,9800.0,2100.0,TSMC,AMD,,,
133,AMD Ryzen Threadripper 2970WX,CPU,2018-10-02,12.0,250.0,213.0,19200.0,3000.0,GF,AMD,,,
134,AMD Opteron X2 875 HE,CPU,2006-02-01,90.0,55.0,,233.0,2200.0,Unknown,AMD,,,
140,AMD Sempron 3300+,CPU,2005-07-15,90.0,62.0,,69.0,2000.0,Unknown,AMD,,,
141,AMD Ryzen 5 PRO 2600,CPU,2018-09-19,12.0,65.0,192.0,4800.0,3400.0,GF,AMD,,,
142,AMD Phenom X4 9450e,CPU,2008-10-01,65.0,65.0,285.0,450.0,2100.0,Unknown,AMD,,,
143,AMD A4-3420,CPU,2011-12-20,32.0,65.0,228.0,1178.0,2800.0,Unknown,AMD,,,
145,AMD Opteron 248,CPU,2004-12-01,90.0,85.0,,106.0,2200.0,Unknown,AMD,,,
153,AMD Turion 64 MT-30,CPU,2005-03-10,90.0,22.0,125.0,114.0,1600.0,Unknown,AMD,,,
154,AMD Sempron LE-1300,CPU,2007-10-08,65.0,45.0,,,2300.0,Unknown,AMD,,,
160,AMD E1-1500,CPU,2013-01-06,40.0,18.0,75.0,,1480.0,Unknown,AMD,,,
161,AMD A10-9700E,CPU,2017-07-27,28.0,35.0,246.0,1178.0,3000.0,Unknown,AMD,,,
165,AMD Opteron 6274,CPU,2011-11-14,32.0,115.0,316.0,2400.0,2200.0,Unknown,AMD,,,
166,AMD Ryzen 7 1800X,CPU,2017-03-02,14.0,95.0,192.0,4800.0,3600.0,GF,AMD,,,
168,AMD Ryzen 3 3200U,CPU,2019-01-06,12.0,15.0,210.0,4940.0,2600.0,GF,AMD,,,
170,AMD Athlon 700,CPU,2000-06-05,180.0,40.0,120.0,37.0,700.0,Unknown,AMD,,,
171,AMD Athlon 64 2700+,CPU,2004-04-27,130.0,32.0,144.0,69.0,1600.0,Unknown,AMD,,,
172,AMD Ryzen 7 2700X,CPU,2018-04-19,12.0,105.0,192.0,4800.0,3700.0,GF,AMD,,,
173,AMD Ryzen Embedded V1807B,CPU,2018-02-21,14.0,45.0,210.0,4950.0,3350.0,GF,AMD,,,
174,AMD Athlon II X3 415e,CPU,2010-05-11,45.0,45.0,169.0,300.0,2500.0,Unknown,AMD,,,
176,AMD FX-8320,CPU,2012-10-23,32.0,125.0,315.0,1200.0,3500.0,Unknown,AMD,,,
178,AMD Opteron 6386 SE,CPU,2012-11-05,32.0,140.0,315.0,2400.0,2800.0,Unknown,AMD,,,
179,AMD Opteron X2 875,CPU,2005-09-26,90.0,95.0,,233.0,2200.0,Unknown,AMD,,,
181,AMD Phenom II X6 1100T BE,CPU,2010-12-07,45.0,125.0,346.0,904.0,3300.0,Unknown,AMD,,,
187,AMD Opteron 144,CPU,2005-08-02,90.0,67.0,,106.0,1800.0,Unknown,AMD,,,
190,AMD Opteron 242,CPU,2004-05-18,130.0,82.0,193.0,106.0,1600.0,Unknown,AMD,,,
195,AMD Phenom II X4 910,CPU,2009-02-09,45.0,95.0,258.0,758.0,2600.0,Unknown,AMD,,,
196,AMD EPYC 73F3,CPU,2021-03-15,7.0,240.0,,,3500.0,TSMC,AMD,,,
197,AMD Sempron 2500+,CPU,2004-07-28,130.0,62.0,80.0,37.0,1750.0,Unknown,AMD,,,
199,AMD EPYC 7601,CPU,2017-06-29,14.0,180.0,213.0,4800.0,2200.0,GF,AMD,,,
202,AMD Phenom X4 9850 BE,CPU,2008-03-27,65.0,125.0,285.0,450.0,2500.0,Unknown,AMD,,,
203,AMD Ryzen 3 3100,CPU,2020-04-24,7.0,65.0,74.0,3800.0,3600.0,TSMC,AMD,,,
206,AMD Athlon 64 FX-62,CPU,2006-05-23,90.0,125.0,220.0,243.0,2800.0,Unknown,AMD,,,
207,AMD Athlon X2 7750 BE,CPU,2008-12-15,65.0,95.0,285.0,450.0,2700.0,Unknown,AMD,,,
215,AMD FX-6120,CPU,2012-10-23,32.0,95.0,315.0,1200.0,3600.0,Unknown,AMD,,,
218,AMD Opteron 248 HE,CPU,2005-03-01,90.0,55.0,,106.0,2200.0,Unknown,AMD,,,
219,AMD Opteron X2 290,CPU,2006-01-01,90.0,95.0,,233.0,2800.0,Unknown,AMD,,,
221,AMD Athlon II X4 610e,CPU,2010-05-11,45.0,45.0,169.0,300.0,2400.0,Unknown,AMD,,,
224,AMD Sempron 2800+,CPU,2006-05-23,90.0,62.0,103.0,81.0,1600.0,Unknown,AMD,,,
225,AMD FX-9590,CPU,2013-07-06,32.0,220.0,315.0,1200.0,4700.0,Unknown,AMD,,,
227,AMD EPYC 7443P,CPU,2021-03-15,7.0,200.0,,,2850.0,TSMC,AMD,,,
229,AMD Phenom II X6 1055T (95W),CPU,2010-05-01,45.0,95.0,346.0,904.0,2800.0,Unknown,AMD,,,
230,AMD A4-4000,CPU,2013-06-01,32.0,65.0,246.0,1178.0,3000.0,Unknown,AMD,,,
231,AMD Phenom X4 9650,CPU,2008-03-27,65.0,95.0,285.0,450.0,2300.0,Unknown,AMD,,,
232,AMD Athlon XP 2600+,CPU,2003-09-01,130.0,68.0,,63.0,2083.0,Unknown,AMD,,,
234,AMD Ryzen Threadripper 1900X,CPU,2017-08-31,14.0,125.0,213.0,9600.0,3800.0,GF,AMD,,,
239,AMD Opteron 6282 SE,CPU,2011-11-14,32.0,140.0,316.0,2400.0,2600.0,Unknown,AMD,,,
243,AMD Phenom II X3 715 BE,CPU,2010-10-01,45.0,95.0,258.0,758.0,2800.0,Unknown,AMD,,,
245,AMD Opteron 152,CPU,2005-08-02,90.0,104.0,,106.0,2600.0,Unknown,AMD,,,
246,AMD Sempron 3400+,CPU,2006-01-23,90.0,62.0,,69.0,2000.0,Unknown,AMD,,,
249,AMD Sempron 2600+,CPU,2004-07-28,90.0,62.0,,63.0,1600.0,Unknown,AMD,,,
251,AMD Athlon Gold PRO 3150GE,CPU,2020-07-21,12.0,35.0,,,3500.0,GF,AMD,,,
254,AMD A8-3550MX,CPU,2011-12-20,32.0,45.0,228.0,1178.0,2000.0,Unknown,AMD,,,
256,AMD Phenom II X4 830,CPU,2009-09-01,45.0,95.0,258.0,758.0,2800.0,Unknown,AMD,,,
257,AMD Athlon II X2 250,CPU,2009-06-02,45.0,65.0,117.0,410.0,3000.0,Unknown,AMD,,,
258,AMD FX-6200,CPU,2012-02-27,32.0,125.0,315.0,1200.0,3800.0,Unknown,AMD,,,
259,AMD Opteron 848,CPU,2004-05-18,130.0,89.0,193.0,106.0,2200.0,Unknown,AMD,,,
260,AMD Phenom X4 9350e,CPU,2008-07-01,65.0,65.0,285.0,450.0,2000.0,Unknown,AMD,,,
262,AMD Athlon II X4 635,CPU,2010-01-25,45.0,95.0,169.0,300.0,2900.0,Unknown,AMD,,,
265,AMD Opteron X1150,CPU,2013-05-29,28.0,17.0,,,2000.0,Unknown,AMD,,,
267,AMD A12-9800E,CPU,2017-07-27,28.0,35.0,246.0,1178.0,3100.0,Unknown,AMD,,,
273,AMD A4-1250,CPU,2013-05-23,32.0,8.0,246.0,1178.0,1000.0,Unknown,AMD,,,
275,AMD Ryzen 7 1700X,CPU,2017-03-02,14.0,95.0,192.0,4800.0,3400.0,GF,AMD,,,
276,AMD A6-3650,CPU,2011-06-30,32.0,100.0,228.0,1178.0,2600.0,Unknown,AMD,,,
277,AMD Ryzen Embedded V1605B,CPU,2018-02-21,14.0,15.0,210.0,4950.0,2000.0,GF,AMD,,,
280,AMD Athlon 64 LE-1640,CPU,2009-01-07,90.0,45.0,3.0,154.0,2600.0,Unknown,AMD,,,
281,AMD Sempron 2800+,CPU,2004-07-28,90.0,25.0,,63.0,1600.0,Unknown,AMD,,,
282,AMD A10-5800B,CPU,2012-10-02,32.0,100.0,246.0,1178.0,3800.0,Unknown,AMD,,,
285,AMD Athlon 64 3800+,CPU,2004-06-01,130.0,89.0,144.0,69.0,2400.0,Unknown,AMD,,,
287,AMD Opteron 144,CPU,2005-08-02,90.0,67.0,,106.0,1800.0,Unknown,AMD,,,
290,AMD Phenom II X2 B57,CPU,2010-05-11,45.0,80.0,258.0,758.0,3200.0,Unknown,AMD,,,
293,AMD EPYC 7402,CPU,2019-08-07,7.0,180.0,74.0,3800.0,2800.0,TSMC,AMD,,,
296,AMD Opteron 6284 SE,CPU,2012-05-01,32.0,140.0,316.0,2400.0,2700.0,Unknown,AMD,,,
297,AMD Turion X2 RM-74,CPU,2008-12-01,65.0,35.0,,,2200.0,Unknown,AMD,,,
298,AMD Opteron 4340,CPU,2012-12-04,32.0,95.0,315.0,1200.0,3500.0,Unknown,AMD,,,
299,AMD Athlon 64 3700+,CPU,2005-04-14,130.0,83.0,,105.0,2400.0,Unknown,AMD,,,
300,AMD Athlon II X4 638,CPU,2012-02-06,32.0,65.0,228.0,1178.0,2700.0,Unknown,AMD,,,
301,AMD Sempron 3800+,CPU,2006-10-23,90.0,62.0,103.0,81.0,2200.0,Unknown,AMD,,,
303,AMD Athlon 800,CPU,2000-06-05,180.0,45.0,120.0,37.0,800.0,Unknown,AMD,,,
306,AMD FX-8350,CPU,2012-10-23,32.0,125.0,315.0,1200.0,4000.0,Unknown,AMD,,,
307,AMD Athlon 64 X2 4400+ EE,CPU,2006-05-23,90.0,65.0,220.0,154.0,2200.0,Unknown,AMD,,,
309,AMD Opteron 4386,CPU,2012-12-04,32.0,95.0,315.0,1200.0,3100.0,Unknown,AMD,,,
311,AMD Athlon X2 BE-2400,CPU,2007-10-08,65.0,45.0,126.0,154.0,2300.0,Unknown,AMD,,,
312,AMD Phenom II X4 920,CPU,2009-01-08,45.0,125.0,258.0,758.0,2800.0,Unknown,AMD,,,
314,AMD Sempron 2500+,CPU,2005-07-07,90.0,62.0,84.0,63.0,1400.0,Unknown,AMD,,,
316,AMD Sempron 3500+,CPU,2005-10-01,90.0,62.0,84.0,63.0,2000.0,Unknown,AMD,,,
317,AMD Opteron 250,CPU,2004-05-18,130.0,89.0,193.0,106.0,2400.0,Unknown,AMD,,,
320,AMD FX-8170,CPU,2012-10-23,32.0,125.0,315.0,1200.0,3900.0,Unknown,AMD,,,
321,AMD Opteron 850,CPU,2004-12-01,90.0,85.0,,106.0,2400.0,Unknown,AMD,,,
327,AMD Ryzen 5 2600X,CPU,2018-04-19,12.0,95.0,192.0,4800.0,3600.0,GF,AMD,,,
330,AMD Ryzen 7 4700U,CPU,2020-01-06,7.0,25.0,156.0,9800.0,1800.0,TSMC,AMD,,,
332,AMD Opteron 43GK HE,CPU,2012-12-04,32.0,65.0,315.0,1200.0,2600.0,Unknown,AMD,,,
333,AMD Athlon X2 7450,CPU,2008-12-15,65.0,95.0,285.0,450.0,2400.0,Unknown,AMD,,,
336,AMD Ryzen 5 1500X,CPU,2017-04-11,14.0,65.0,192.0,4800.0,3500.0,GF,AMD,,,
337,AMD Athlon 64 X2 4400+,CPU,2006-05-23,90.0,110.0,199.0,233.0,2200.0,Unknown,AMD,,,
338,AMD A4-4300M,CPU,2012-05-15,32.0,35.0,246.0,1303.0,2500.0,Unknown,AMD,,,
344,AMD Turion 64 MT-37,CPU,2005-08-08,90.0,25.0,125.0,114.0,2000.0,Unknown,AMD,,,
347,AMD Opteron 6376,CPU,2012-11-05,32.0,115.0,315.0,2400.0,2300.0,Unknown,AMD,,,
348,AMD EPYC 72F3,CPU,2021-03-15,7.0,180.0,,,3700.0,TSMC,AMD,,,
349,AMD Opteron 244,CPU,2003-08-05,130.0,82.0,193.0,106.0,1800.0,Unknown,AMD,,,
356,AMD Sempron 2800+,CPU,2005-07-15,90.0,25.0,,69.0,1600.0,Unknown,AMD,,,
358,AMD A4-3320M,CPU,2011-12-20,32.0,35.0,228.0,1178.0,2000.0,Unknown,AMD,,,
362,AMD Athlon II X2 250e,CPU,2010-09-21,45.0,45.0,117.0,410.0,3000.0,Unknown,AMD,,,
363,AMD Athlon 64 X2 6000+,CPU,2007-08-20,65.0,89.0,126.0,154.0,3100.0,Unknown,AMD,,,
364,AMD Athlon 64 LE-1620,CPU,2007-10-08,90.0,45.0,230.0,227.0,2400.0,Unknown,AMD,,,
366,AMD EPYC 7232P,CPU,2019-08-07,7.0,120.0,74.0,3800.0,3100.0,TSMC,AMD,,,
368,AMD Athlon II X2 220,CPU,2010-09-21,45.0,65.0,117.0,410.0,2800.0,Unknown,AMD,,,
369,AMD Opteron 4334,CPU,2012-12-04,32.0,95.0,315.0,1200.0,3100.0,Unknown,AMD,,,
376,AMD Athlon 900,CPU,2000-06-05,180.0,50.0,120.0,37.0,900.0,Unknown,AMD,,,
379,AMD FX-6350,CPU,2013-04-29,32.0,125.0,315.0,1200.0,3900.0,Unknown,AMD,,,
382,AMD EPYC 7742,CPU,2019-08-07,7.0,225.0,74.0,3800.0,2250.0,TSMC,AMD,,,
386,AMD Sempron LE-1150,CPU,2007-08-01,65.0,45.0,,,2000.0,Unknown,AMD,,,
387,AMD Phenom II X6 1090T BE,CPU,2010-04-27,45.0,125.0,346.0,904.0,3200.0,Unknown,AMD,,,
390,AMD Sempron 130,CPU,2011-08-01,45.0,45.0,117.0,234.0,2600.0,Unknown,AMD,,,
392,AMD Sempron 3100+,CPU,2005-05-03,90.0,62.0,,63.0,1800.0,Unknown,AMD,,,
394,AMD Sempron 2300+,CPU,2004-07-28,130.0,62.0,80.0,37.0,1583.0,Unknown,AMD,,,
395,AMD A10-5700,CPU,2012-10-02,32.0,65.0,246.0,1178.0,3400.0,Unknown,AMD,,,
396,AMD A4-1350,CPU,2013-10-18,32.0,8.0,246.0,1178.0,1000.0,Unknown,AMD,,,
402,AMD Athlon 64 3800+,CPU,2006-05-23,90.0,62.0,183.0,154.0,2400.0,Unknown,AMD,,,
403,AMD Opteron 250,CPU,2004-12-01,90.0,85.0,,106.0,2400.0,Unknown,AMD,,,
404,AMD Athlon 64 X2 4600+ EE,CPU,2006-05-23,90.0,65.0,220.0,154.0,2400.0,Unknown,AMD,,,
406,AMD Athlon XP 2200+,CPU,2003-09-01,130.0,63.0,,63.0,1800.0,Unknown,AMD,,,
407,AMD Athlon 1200,CPU,2000-10-17,180.0,66.0,120.0,37.0,1200.0,Unknown,AMD,,,
409,AMD Athlon XP-M 2200+,CPU,2001-01-01,130.0,45.0,101.0,63.0,1667.0,Unknown,AMD,,,
422,AMD Phenom II X3 B75,CPU,2009-10-01,45.0,95.0,258.0,758.0,3000.0,Unknown,AMD,,,
423,AMD Athlon 64 3000+,CPU,2004-04-27,130.0,89.0,144.0,69.0,1800.0,Unknown,AMD,,,
424,AMD Athlon 64 3200+,CPU,2001-01-01,130.0,89.0,193.0,105.0,2200.0,Unknown,AMD,,,
427,AMD Athlon 64 FX-51,CPU,2003-09-23,130.0,89.0,193.0,105.0,2200.0,Unknown,AMD,,,
429,AMD Athlon II X3 455,CPU,2010-12-07,45.0,95.0,169.0,300.0,3300.0,Unknown,AMD,,,
431,AMD Ryzen 7 2700,CPU,2018-04-19,12.0,65.0,192.0,4800.0,3200.0,GF,AMD,,,
434,AMD Athlon 750,CPU,2000-06-05,180.0,43.0,120.0,37.0,750.0,Unknown,AMD,,,
435,AMD Sempron 150,CPU,2010-12-07,45.0,45.0,117.0,234.0,2900.0,Unknown,AMD,,,
436,AMD Athlon 1200,CPU,2000-10-31,180.0,66.0,120.0,37.0,1200.0,Unknown,AMD,,,
440,AMD Mobile Athlon 64 3400+,CPU,2005-08-01,130.0,62.0,193.0,106.0,2200.0,Unknown,AMD,,,
441,AMD Opteron 6168,CPU,2010-03-29,45.0,115.0,346.0,1800.0,1900.0,Unknown,AMD,,,
442,AMD Athlon X2 QL-65,CPU,2008-12-01,65.0,35.0,,,2100.0,Unknown,AMD,,,
443,AMD Athlon XP 2800+ DTR,CPU,2001-01-01,130.0,68.0,101.0,63.0,2083.0,Unknown,AMD,,,
446,AMD C-50,CPU,2011-01-04,40.0,9.0,75.0,,1000.0,Unknown,AMD,,,
447,AMD Athlon 64 FX-74,CPU,2006-11-30,90.0,125.0,235.0,227.0,3000.0,Unknown,AMD,,,
449,AMD Turion 64 ML-40,CPU,2005-06-22,90.0,35.0,125.0,114.0,2200.0,Unknown,AMD,,,
452,AMD Phenom II X3 B73,CPU,2009-10-01,45.0,95.0,258.0,758.0,2800.0,Unknown,AMD,,,
453,AMD Ryzen 3 1300X,CPU,2017-07-27,14.0,65.0,192.0,4800.0,3400.0,GF,AMD,,,
457,AMD Athlon X2 4050e,CPU,2008-04-21,65.0,45.0,126.0,154.0,2100.0,Unknown,AMD,,,
459,AMD Ryzen 5 PRO 3500U,CPU,2019-04-08,12.0,15.0,210.0,4940.0,2100.0,GF,AMD,,,
462,AMD Athlon XP 2400+,CPU,2002-08-21,130.0,68.0,80.0,63.0,2000.0,Unknown,AMD,,,
463,AMD E1-2100,CPU,2013-05-23,32.0,9.0,246.0,1178.0,1000.0,Unknown,AMD,,,
464,AMD EPYC 7401P,CPU,2017-06-29,14.0,170.0,213.0,4800.0,2000.0,GF,AMD,,,
466,AMD Turion X2 Ultra ZM-87,CPU,2008-06-01,65.0,35.0,,,2400.0,Unknown,AMD,,,
471,AMD Phenom II X3 705e,CPU,2009-06-02,45.0,65.0,258.0,758.0,2500.0,Unknown,AMD,,,
473,AMD Athlon XP 3000+,CPU,2001-01-01,130.0,68.0,101.0,63.0,2100.0,Unknown,AMD,,,
474,AMD Phenom II X3 700e,CPU,2009-06-02,45.0,65.0,258.0,758.0,2400.0,Unknown,AMD,,,
475,AMD Opteron 842,CPU,2003-09-09,130.0,82.0,193.0,106.0,1600.0,Unknown,AMD,,,
476,AMD Sempron 3000+,CPU,2001-01-01,130.0,25.0,144.0,69.0,1800.0,Unknown,AMD,,,
479,AMD Opteron X2 270 HE,CPU,2005-12-01,90.0,55.0,,233.0,2000.0,Unknown,AMD,,,
481,AMD FX-8140,CPU,2012-10-23,32.0,95.0,315.0,1200.0,3200.0,Unknown,AMD,,,
484,AMD Ryzen 5 3400G,CPU,2019-07-07,12.0,65.0,210.0,4940.0,3700.0,GF,AMD,,,
486,AMD Athlon 64 X2 6000+,CPU,2007-02-20,90.0,125.0,220.0,227.0,3000.0,Unknown,AMD,,,
487,AMD Ryzen 3 PRO 4350GE,CPU,2020-07-21,7.0,35.0,,,3500.0,TSMC,AMD,,,
489,AMD EPYC 7272,CPU,2019-08-07,7.0,120.0,74.0,3800.0,2600.0,TSMC,AMD,,,
491,AMD Athlon 64 LE-1660,CPU,2008-05-01,65.0,45.0,77.0,122.0,2800.0,Unknown,AMD,,,
493,AMD Athlon 64 2800+,CPU,2004-04-27,130.0,89.0,144.0,69.0,1800.0,Unknown,AMD,,,
494,AMD Turion X2 Ultra ZM-88,CPU,2008-12-01,65.0,35.0,,,2500.0,Unknown,AMD,,,
498,AMD Ryzen 5 5600G,CPU,2021-04-13,7.0,65.0,,,3900.0,TSMC,AMD,,,
499,AMD Phenom X3 8400,CPU,2008-03-27,65.0,95.0,285.0,450.0,2100.0,Unknown,AMD,,,
502,AMD Ryzen Threadripper 1920X,CPU,2017-08-10,14.0,180.0,213.0,9600.0,3500.0,GF,AMD,,,
506,AMD EPYC 7551P,CPU,2017-06-29,14.0,180.0,213.0,4800.0,2000.0,GF,AMD,,,
507,AMD Athlon XP-M 2000+,CPU,2001-01-01,130.0,45.0,101.0,63.0,1533.0,Unknown,AMD,,,
509,AMD Ryzen 7 4700GE,CPU,2020-07-21,7.0,35.0,,,3100.0,TSMC,AMD,,,
510,AMD A6-3400M,CPU,2011-06-14,32.0,35.0,228.0,1178.0,1400.0,Unknown,AMD,,,
511,AMD EPYC 7451,CPU,2017-06-29,14.0,180.0,213.0,4800.0,2300.0,GF,AMD,,,
513,AMD Ryzen 7 PRO 3700U,CPU,2019-04-08,12.0,15.0,210.0,4940.0,2300.0,GF,AMD,,,
514,AMD Athlon 64 X2 5200+,CPU,2006-09-06,90.0,89.0,220.0,154.0,2600.0,Unknown,AMD,,,
515,AMD Athlon 64 X2 4200+,CPU,2006-05-23,90.0,89.0,220.0,154.0,2200.0,Unknown,AMD,,,
518,AMD Athlon II X2 260,CPU,2010-05-11,45.0,65.0,117.0,410.0,3200.0,Unknown,AMD,,,
520,AMD Opteron 840,CPU,2004-05-18,130.0,82.0,193.0,106.0,1400.0,Unknown,AMD,,,
521,AMD Athlon 64 X2 4600+,CPU,2008-04-22,65.0,65.0,126.0,154.0,2400.0,Unknown,AMD,,,
524,AMD A8-3850,CPU,2011-06-30,32.0,100.0,228.0,1178.0,2900.0,Unknown,AMD,,,
526,AMD Opteron 240 EE,CPU,2004-02-14,130.0,30.0,193.0,106.0,1400.0,Unknown,AMD,,,
527,AMD Opteron 3380,CPU,2012-12-04,32.0,65.0,315.0,1200.0,2600.0,Unknown,AMD,,,
536,AMD Athlon II X3 440,CPU,2010-01-25,45.0,95.0,169.0,300.0,3000.0,Unknown,AMD,,,
537,AMD Phenom II X6 1055T (125W),CPU,2010-04-27,45.0,125.0,346.0,904.0,2800.0,Unknown,AMD,,,
539,AMD Ryzen 3 PRO 1300,CPU,2017-06-29,14.0,65.0,192.0,4800.0,3200.0,GF,AMD,,,
541,AMD Sempron 3100+,CPU,2005-01-01,90.0,25.0,,63.0,1800.0,Unknown,AMD,,,
543,AMD Athlon XP-M 3000+,CPU,2001-01-01,130.0,45.0,101.0,63.0,2200.0,Unknown,AMD,,,
545,AMD Sempron 2600+,CPU,2001-01-01,130.0,62.0,101.0,63.0,1833.0,Unknown,AMD,,,
546,AMD FX-8320E,CPU,2014-09-02,32.0,95.0,315.0,1200.0,3200.0,Unknown,AMD,,,
547,AMD Athlon X2 5050e,CPU,2008-10-21,65.0,45.0,126.0,154.0,2600.0,Unknown,AMD,,,
548,AMD Ryzen 5 PRO 2500U,CPU,2019-01-08,14.0,15.0,246.0,,2000.0,GF,AMD,,,
551,AMD EPYC 7301,CPU,2017-06-29,14.0,170.0,213.0,4800.0,2200.0,GF,AMD,,,
552,AMD EPYC 7551,CPU,2017-06-29,14.0,180.0,213.0,4800.0,2000.0,GF,AMD,,,
556,AMD Athlon 1300,CPU,2001-03-21,180.0,68.0,120.0,37.0,1300.0,Unknown,AMD,,,
560,AMD Opteron 2350 HE,CPU,2008-10-01,65.0,79.0,285.0,463.0,2000.0,Unknown,AMD,,,
563,AMD Athlon 64 1500+,CPU,2005-11-07,90.0,9.0,84.0,69.0,1000.0,Unknown,AMD,,,
564,AMD Sempron 3100+,CPU,2005-04-01,90.0,62.0,84.0,63.0,1800.0,Unknown,AMD,,,
565,AMD Sempron 3400+,CPU,2006-05-23,90.0,62.0,103.0,81.0,1800.0,Unknown,AMD,,,
566,AMD Mobile Athlon 64 3200+,CPU,2003-08-01,130.0,82.0,193.0,106.0,2000.0,Unknown,AMD,,,
567,AMD Athlon 3000G,CPU,2019-11-20,14.0,35.0,148.0,4800.0,3500.0,Unknown,AMD,,,
569,AMD Phenom X3 8850,CPU,2008-10-21,65.0,95.0,285.0,450.0,2500.0,Unknown,AMD,,,
570,AMD Sempron 2200+,CPU,2004-08-01,130.0,62.0,80.0,37.0,1500.0,Unknown,AMD,,,
572,AMD Phenom X4 9600B,CPU,2008-04-28,65.0,95.0,285.0,450.0,2300.0,Unknown,AMD,,,
573,AMD Opteron 842,CPU,2004-12-01,90.0,85.0,,106.0,1600.0,Unknown,AMD,,,
574,AMD Athlon XP 1800+,CPU,2002-06-10,130.0,51.0,80.0,37.0,1533.0,Unknown,AMD,,,
577,AMD Sempron 2600+,CPU,2004-07-28,90.0,25.0,,63.0,1600.0,Unknown,AMD,,,
578,AMD Athlon XP 2500+,CPU,2003-02-10,130.0,68.0,101.0,63.0,1833.0,Unknown,AMD,,,
584,AMD Opteron 3350 HE,CPU,2012-12-04,32.0,45.0,315.0,1200.0,2800.0,Unknown,AMD,,,
585,AMD Athlon 64 3200+,CPU,2005-04-04,90.0,67.0,83.0,69.0,2000.0,Unknown,AMD,,,
587,AMD A8-5557M,CPU,2013-06-01,32.0,35.0,246.0,1178.0,2100.0,Unknown,AMD,,,
589,AMD Ryzen 3 5300G,CPU,2021-04-13,7.0,65.0,,,4000.0,TSMC,AMD,,,
592,AMD EPYC 7542,CPU,2019-08-07,7.0,225.0,74.0,3800.0,2900.0,TSMC,AMD,,,
593,AMD Athlon 64 3000+,CPU,2006-05-23,90.0,62.0,183.0,154.0,1800.0,Unknown,AMD,,,
594,AMD E2-2000,CPU,2013-01-06,40.0,18.0,75.0,,1750.0,Unknown,AMD,,,
596,AMD Athlon 64 X2 3600+,CPU,2006-12-05,65.0,65.0,126.0,154.0,1900.0,Unknown,AMD,,,
597,AMD EPYC 7402P,CPU,2019-08-07,7.0,180.0,74.0,3800.0,2800.0,TSMC,AMD,,,
603,AMD Opteron 144,CPU,2003-06-30,130.0,85.0,193.0,106.0,1800.0,Unknown,AMD,,,
607,AMD EPYC 7H12,CPU,2019-09-18,7.0,280.0,74.0,3800.0,2600.0,TSMC,AMD,,,
609,AMD Phenom II X2 B55,CPU,2009-10-01,45.0,80.0,258.0,758.0,3000.0,Unknown,AMD,,,
610,AMD Athlon 64 LE-1600,CPU,2007-10-08,90.0,45.0,3.0,154.0,2200.0,Unknown,AMD,,,
612,AMD Opteron 148,CPU,2003-11-17,130.0,89.0,193.0,106.0,2200.0,Unknown,AMD,,,
616,AMD Athlon II X3 450,CPU,2010-09-21,45.0,95.0,169.0,300.0,3200.0,Unknown,AMD,,,
618,AMD Athlon 64 FX-76,CPU,2006-11-01,90.0,125.0,235.0,227.0,3200.0,Unknown,AMD,,,
621,AMD Athlon 950,CPU,2000-06-05,180.0,52.0,120.0,37.0,950.0,Unknown,AMD,,,
622,AMD Athlon X2 7850 BE,CPU,2009-04-28,65.0,95.0,285.0,450.0,2800.0,Unknown,AMD,,,
624,AMD Sempron 2600+,CPU,2004-08-01,90.0,62.0,84.0,63.0,1600.0,Unknown,AMD,,,
626,AMD EPYC 7702,CPU,2019-08-07,7.0,200.0,74.0,3800.0,2000.0,TSMC,AMD,,,
630,AMD Athlon 64 3500+,CPU,2004-06-01,130.0,89.0,193.0,106.0,2200.0,Unknown,AMD,,,
633,AMD Ryzen 5 5600X,CPU,2020-11-05,7.0,65.0,,,3700.0,TSMC,AMD,,,
635,AMD FX-8100,CPU,2011-10-12,32.0,95.0,315.0,1200.0,2800.0,Unknown,AMD,,,
636,AMD Ryzen Threadripper 1940,CPU,2017-07-29,14.0,180.0,213.0,9600.0,3200.0,GF,AMD,,,
638,AMD Sempron 2800+,CPU,2004-07-28,90.0,62.0,,63.0,1600.0,Unknown,AMD,,,
639,AMD Mobile Athlon 64 2800+,CPU,2003-08-01,130.0,82.0,193.0,106.0,1800.0,Unknown,AMD,,,
640,AMD E1-1200,CPU,2012-06-06,40.0,18.0,75.0,,1400.0,Unknown,AMD,,,
643,AMD Mobile Athlon 64 3000+,CPU,2003-08-01,130.0,82.0,193.0,106.0,1800.0,Unknown,AMD,,,
645,AMD Sempron 3000+,CPU,2005-07-15,90.0,25.0,,69.0,1800.0,Unknown,AMD,,,
648,AMD Phenom II X4 820,CPU,2009-09-01,45.0,95.0,258.0,758.0,2800.0,Unknown,AMD,,,
649,AMD Opteron 43CX EE,CPU,2012-12-04,32.0,35.0,315.0,1200.0,2200.0,Unknown,AMD,,,
650,AMD Ryzen 5 PRO 2400G,CPU,2018-05-10,14.0,65.0,210.0,4950.0,3600.0,GF,AMD,,,
652,AMD Ryzen 5 PRO 1500,CPU,2017-06-29,14.0,65.0,192.0,4800.0,3500.0,GF,AMD,,,
653,AMD Phenom II X4 840T,CPU,2010-09-01,45.0,95.0,346.0,904.0,2900.0,Unknown,AMD,,,
656,AMD Athlon 64 3600+,CPU,2004-06-01,130.0,89.0,193.0,106.0,2400.0,Unknown,AMD,,,
657,AMD Phenom X4 9100e,CPU,2008-03-27,65.0,65.0,285.0,450.0,1800.0,Unknown,AMD,,,
661,AMD Athlon 1333,CPU,2001-03-21,180.0,70.0,120.0,37.0,1333.0,Unknown,AMD,,,
662,AMD Athlon 64 3200+,CPU,2004-10-14,90.0,67.0,84.0,69.0,2000.0,Unknown,AMD,,,
663,AMD Turion X2 RM-77,CPU,2008-12-01,65.0,35.0,,,2300.0,Unknown,AMD,,,
664,AMD Phenom II X4 910e,CPU,2010-01-25,45.0,65.0,258.0,758.0,2600.0,Unknown,AMD,,,
666,AMD EPYC 7543P,CPU,2021-03-15,7.0,225.0,,,2800.0,TSMC,AMD,,,
674,AMD Sempron 3000+,CPU,2004-07-28,90.0,62.0,,63.0,1800.0,Unknown,AMD,,,
675,AMD A8-3510MX,CPU,2011-06-14,32.0,45.0,228.0,1178.0,1800.0,Unknown,AMD,,,
678,AMD Phenom II X3 740 BE,CPU,2009-09-01,45.0,95.0,258.0,758.0,3000.0,Unknown,AMD,,,
679,AMD Athlon Gold PRO 3150G,CPU,2020-07-21,12.0,65.0,,,3500.0,GF,AMD,,,
680,AMD Opteron 252,CPU,2005-02-14,90.0,92.0,,106.0,2600.0,Unknown,AMD,,,
683,AMD Athlon II X4 620,CPU,2009-09-16,45.0,95.0,169.0,300.0,2600.0,Unknown,AMD,,,
684,AMD Ryzen Threadripper 1950X,CPU,2017-08-10,14.0,180.0,213.0,9600.0,3400.0,GF,AMD,,,
686,AMD A6-5350M,CPU,2013-06-01,32.0,35.0,246.0,1178.0,2900.0,Unknown,AMD,,,
687,AMD Phenom X4 9550,CPU,2008-03-27,65.0,95.0,285.0,450.0,2200.0,Unknown,AMD,,,
697,AMD Opteron X2150,CPU,2013-05-29,28.0,22.0,,,1900.0,Unknown,AMD,,,
699,AMD Phenom II X2 565 BE,CPU,2010-12-07,45.0,80.0,258.0,758.0,3400.0,Unknown,AMD,,,
701,AMD Turion 64 ML-34,CPU,2005-03-10,90.0,35.0,125.0,114.0,1800.0,Unknown,AMD,,,
706,AMD E2-1800,CPU,2012-06-06,40.0,18.0,75.0,,1700.0,Unknown,AMD,,,
710,AMD Athlon 64 3700+,CPU,2004-06-01,130.0,89.0,193.0,105.0,2400.0,Unknown,AMD,,,
711,AMD E2-3000,CPU,2013-05-23,32.0,15.0,246.0,1178.0,1650.0,Unknown,AMD,,,
712,AMD Athlon 64 3100+,CPU,2008-04-21,65.0,25.0,77.0,122.0,2000.0,Unknown,AMD,,,
715,AMD Athlon XP 2600+,CPU,2001-01-01,130.0,68.0,101.0,63.0,1917.0,Unknown,AMD,,,
718,AMD EPYC 74F3,CPU,2021-03-15,7.0,240.0,,,2800.0,TSMC,AMD,,,
720,AMD Athlon XP 1700+,CPU,2001-01-01,130.0,50.0,80.0,37.0,1467.0,Unknown,AMD,,,
721,AMD Ryzen 9 3900X,CPU,2019-07-07,7.0,105.0,74.0,3800.0,3800.0,TSMC,AMD,,,
722,AMD Opteron 150,CPU,2004-05-18,130.0,89.0,193.0,106.0,2400.0,Unknown,AMD,,,
723,AMD Ryzen 3 4300GE,CPU,2020-07-21,7.0,35.0,,,3500.0,TSMC,AMD,,,
727,AMD FX-9370,CPU,2013-07-06,32.0,220.0,315.0,1200.0,4400.0,Unknown,AMD,,,
730,AMD Athlon 64 3400+,CPU,2001-01-01,90.0,67.0,83.0,69.0,2200.0,Unknown,AMD,,,
733,AMD Athlon XP 2000+,CPU,2003-09-01,130.0,60.0,,63.0,1667.0,Unknown,AMD,,,
734,AMD E-350,CPU,2011-01-04,40.0,18.0,75.0,,1600.0,Unknown,AMD,,,
736,AMD Athlon II X2 250u,CPU,2009-10-20,45.0,25.0,117.0,410.0,1600.0,Unknown,AMD,,,
742,AMD Ryzen Threadripper 1940X,CPU,2017-07-29,14.0,180.0,213.0,9600.0,3500.0,GF,AMD,,,
751,AMD A4-6300,CPU,2013-06-01,32.0,65.0,246.0,1178.0,3700.0,Unknown,AMD,,,
752,AMD A10-9700,CPU,2017-07-27,28.0,65.0,246.0,1178.0,3500.0,Unknown,AMD,,,
753,AMD Turion 64 MT-32,CPU,2005-03-10,90.0,25.0,125.0,114.0,1800.0,Unknown,AMD,,,
755,AMD Athlon 64 3800+,CPU,2007-02-20,65.0,45.0,77.0,122.0,2400.0,Unknown,AMD,,,
757,AMD Turion X2 Ultra ZM-82,CPU,2008-06-01,65.0,35.0,,,2200.0,Unknown,AMD,,,
759,AMD Opteron 140,CPU,2003-09-09,130.0,82.0,193.0,106.0,1400.0,Unknown,AMD,,,
760,AMD EPYC 7552,CPU,2019-08-07,7.0,200.0,74.0,3800.0,2200.0,TSMC,AMD,,,
763,AMD Athlon 64 3500+,CPU,2004-10-14,90.0,67.0,84.0,69.0,2200.0,Unknown,AMD,,,
764,AMD Mobile Athlon 64 3000+,CPU,2004-08-01,130.0,62.0,193.0,106.0,1800.0,Unknown,AMD,,,
766,AMD Phenom X4 9850 (95W),CPU,2008-10-01,65.0,95.0,285.0,450.0,2500.0,Unknown,AMD,,,
768,AMD Sempron 3200+ EE SFF,CPU,2006-05-23,90.0,35.0,103.0,81.0,1800.0,Unknown,AMD,,,
770,AMD Athlon II X2 270,CPU,2011-07-01,45.0,65.0,117.0,410.0,3400.0,Unknown,AMD,,,
772,AMD EPYC 7702P,CPU,2019-08-07,7.0,200.0,74.0,3800.0,2000.0,TSMC,AMD,,,
775,AMD Athlon XP-M 2200+,CPU,2002-11-11,130.0,45.0,101.0,63.0,1800.0,Unknown,AMD,,,
776,AMD Opteron 146,CPU,2003-09-09,130.0,89.0,193.0,106.0,2000.0,Unknown,AMD,,,
778,AMD Turion 64 ML-42,CPU,2005-10-04,90.0,35.0,125.0,114.0,2400.0,Unknown,AMD,,,
779,AMD Ryzen 3 1300,CPU,2017-04-11,14.0,65.0,192.0,4800.0,3200.0,GF,AMD,,,
784,AMD Turion X2 RM-72,CPU,2008-09-01,65.0,35.0,,,2100.0,Unknown,AMD,,,
785,AMD Athlon 64 FX-72,CPU,2006-11-30,90.0,125.0,235.0,227.0,2800.0,Unknown,AMD,,,
787,AMD Opteron 146,CPU,2005-08-02,90.0,67.0,,106.0,2000.0,Unknown,AMD,,,
789,AMD Athlon 64 X2 4600+,CPU,2006-05-23,90.0,110.0,156.0,154.0,2400.0,Unknown,AMD,,,
791,AMD Athlon XP 2400+,CPU,2003-09-01,130.0,68.0,,63.0,2000.0,Unknown,AMD,,,
794,AMD E2-3000M,CPU,2011-12-20,32.0,35.0,228.0,1178.0,1800.0,Unknown,AMD,,,
795,AMD FX-8370E,CPU,2014-09-02,32.0,95.0,315.0,1200.0,3300.0,Unknown,AMD,,,
796,AMD Athlon XP 2000+,CPU,2002-06-10,130.0,60.0,80.0,37.0,1667.0,Unknown,AMD,,,
799,AMD Ryzen 5 PRO 4650G,CPU,2020-07-21,7.0,65.0,,,3700.0,TSMC,AMD,,,
801,AMD Sempron 2400+,CPU,2004-08-01,130.0,62.0,80.0,37.0,1667.0,Unknown,AMD,,,
803,AMD C-60,CPU,2011-08-22,40.0,9.0,75.0,,1000.0,Unknown,AMD,,,
807,AMD Athlon 64 3200+,CPU,2006-05-23,90.0,62.0,183.0,154.0,2000.0,Unknown,AMD,,,
808,AMD Ryzen Threadripper 2990WX,CPU,2018-08-13,12.0,250.0,213.0,19200.0,3000.0,GF,AMD,,,
809,AMD A9-9420 SoC,CPU,2016-05-31,28.0,15.0,124.0,1200.0,3000.0,Unknown,AMD,,,
810,AMD Mobile Athlon 64 3700+,CPU,2005-08-01,130.0,82.0,193.0,106.0,2400.0,Unknown,AMD,,,
812,AMD Phenom II X4 900e,CPU,2009-06-02,45.0,65.0,258.0,758.0,2400.0,Unknown,AMD,,,
813,AMD A10-7870K,CPU,2015-05-28,28.0,95.0,246.0,1178.0,3900.0,Unknown,AMD,,,
815,AMD Phenom II X4 965 BE (140W),CPU,2009-08-13,45.0,140.0,258.0,758.0,3400.0,Unknown,AMD,,,
816,AMD Ryzen Threadripper 1950,CPU,2017-07-29,14.0,180.0,213.0,9600.0,3200.0,GF,AMD,,,
817,AMD Athlon II X4 605e,CPU,2009-10-20,45.0,45.0,169.0,300.0,2300.0,Unknown,AMD,,,
821,AMD Ryzen 7 3780U,CPU,2019-10-22,12.0,15.0,210.0,4940.0,2300.0,GF,AMD,,,
822,AMD Athlon 1400,CPU,2001-06-06,180.0,72.0,120.0,37.0,1400.0,Unknown,AMD,,,
823,AMD Phenom II X4 965 BE (125W),CPU,2009-11-07,45.0,125.0,258.0,758.0,3400.0,Unknown,AMD,,,
827,AMD Sempron X2 2200,CPU,2008-03-01,65.0,65.0,118.0,221.0,2000.0,Unknown,AMD,,,
828,AMD Opteron 246 HE,CPU,2004-02-14,130.0,55.0,193.0,106.0,2000.0,Unknown,AMD,,,
829,AMD Athlon 64 3200+,CPU,2005-04-14,130.0,83.0,,105.0,2000.0,Unknown,AMD,,,
830,AMD Opteron 850 HE,CPU,2005-03-01,90.0,55.0,,106.0,2400.0,Unknown,AMD,,,
833,AMD Ryzen 7 4800U,CPU,2020-01-06,7.0,25.0,156.0,9800.0,1800.0,TSMC,AMD,,,
834,AMD Phenom II X2 570 BE,CPU,2010-05-03,45.0,80.0,258.0,758.0,3500.0,Unknown,AMD,,,
837,AMD Opteron 842,CPU,2004-05-18,130.0,82.0,193.0,106.0,1600.0,Unknown,AMD,,,
838,AMD A8-5545M,CPU,2013-06-01,32.0,25.0,246.0,1178.0,1700.0,Unknown,AMD,,,
840,AMD Athlon 64 2800+,CPU,2004-04-27,130.0,89.0,193.0,69.0,1800.0,Unknown,AMD,,,
841,AMD Athlon 64 3500+,CPU,2005-04-04,90.0,67.0,83.0,69.0,2200.0,Unknown,AMD,,,
842,AMD Athlon 64 X2 5400+,CPU,2006-12-12,90.0,89.0,220.0,154.0,2800.0,Unknown,AMD,,,
843,AMD A6-3500,CPU,2011-08-17,32.0,65.0,228.0,1178.0,2100.0,Unknown,AMD,,,
844,AMD Athlon PRO 300U,CPU,2019-04-08,14.0,15.0,,,2400.0,GF,AMD,,,
846,AMD A4-5000,CPU,2013-05-23,32.0,15.0,246.0,1178.0,1500.0,Unknown,AMD,,,
847,AMD Phenom II X4 805,CPU,2009-02-09,45.0,95.0,258.0,758.0,2500.0,Unknown,AMD,,,
852,AMD Athlon 300U,CPU,2019-01-06,14.0,15.0,,,2400.0,GF,AMD,,,
853,AMD Athlon PRO 200GE,CPU,2018-06-01,14.0,35.0,192.0,4800.0,3200.0,Unknown,AMD,,,
854,AMD Opteron 6378,CPU,2012-11-05,32.0,115.0,315.0,2400.0,2400.0,Unknown,AMD,,,
855,AMD Phenom II X4 975 BE,CPU,2011-01-04,45.0,125.0,258.0,758.0,3600.0,Unknown,AMD,,,
857,AMD Opteron 140 EE,CPU,2004-02-14,130.0,30.0,193.0,106.0,1400.0,Unknown,AMD,,,
860,AMD EPYC 7502P,CPU,2019-08-07,7.0,180.0,74.0,3800.0,2500.0,TSMC,AMD,,,
864,AMD Opteron 148,CPU,2004-05-18,130.0,89.0,193.0,106.0,2200.0,Unknown,AMD,,,
865,AMD Sempron 3100+,CPU,2005-07-15,90.0,25.0,,69.0,1800.0,Unknown,AMD,,,
867,AMD Athlon II X2 245,CPU,2009-07-23,45.0,65.0,117.0,410.0,2900.0,Unknown,AMD,,,
868,AMD Phenom II X4 840,CPU,2011-01-04,45.0,95.0,169.0,300.0,3200.0,Unknown,AMD,,,
871,AMD Opteron X2 275 HE,CPU,2006-02-01,90.0,55.0,,233.0,2200.0,Unknown,AMD,,,
872,AMD Opteron 146,CPU,2005-08-02,90.0,67.0,,106.0,2000.0,Unknown,AMD,,,
873,AMD Opteron 6262 HE,CPU,2011-11-14,32.0,85.0,316.0,2400.0,1600.0,Unknown,AMD,,,
874,AMD Ryzen 9 3900XT,CPU,2020-07-07,7.0,105.0,74.0,3800.0,3900.0,TSMC,AMD,,,
877,AMD A8-9600,CPU,2017-07-27,28.0,65.0,246.0,1178.0,3100.0,Unknown,AMD,,,
879,AMD Ryzen 5 3500X,CPU,2019-09-24,7.0,65.0,74.0,3800.0,3600.0,TSMC,AMD,,,
880,AMD EPYC 7281,CPU,2017-06-29,14.0,170.0,213.0,4800.0,2100.0,GF,AMD,,,
882,AMD Opteron 144,CPU,2004-05-18,130.0,82.0,193.0,106.0,1800.0,Unknown,AMD,,,
883,AMD Opteron X2 260 HE,CPU,2005-08-01,90.0,55.0,,233.0,1600.0,Unknown,AMD,,,
884,AMD Phenom X4 9150e,CPU,2008-07-01,65.0,65.0,285.0,450.0,1800.0,Unknown,AMD,,,
888,AMD Athlon 64 3800+ (F3),CPU,2007-02-20,90.0,59.0,1.0,154.0,2400.0,Unknown,AMD,,,
890,AMD EPYC 7F72,CPU,2020-04-14,7.0,240.0,74.0,3800.0,3200.0,TSMC,AMD,,,
891,AMD Athlon X4 950,CPU,2017-07-27,28.0,65.0,246.0,1178.0,3500.0,Unknown,AMD,,,
892,AMD Ryzen 7 PRO 1700,CPU,2017-06-29,14.0,65.0,192.0,4800.0,3000.0,GF,AMD,,,
893,AMD A4-5145M,CPU,2013-06-01,32.0,17.0,246.0,1178.0,2000.0,Unknown,AMD,,,
895,AMD Athlon 64 LE-1620,CPU,2007-10-08,90.0,45.0,3.0,154.0,2400.0,Unknown,AMD,,,
896,AMD FX-4120,CPU,2012-10-23,32.0,95.0,315.0,1200.0,3900.0,Unknown,AMD,,,
898,AMD Athlon XP 1800+,CPU,2001-01-01,130.0,51.0,80.0,37.0,1533.0,Unknown,AMD,,,
905,AMD Athlon XP 2600+,CPU,2002-08-21,130.0,68.0,80.0,37.0,2083.0,Unknown,AMD,,,
908,AMD Phenom II X4 B97,CPU,2010-05-11,45.0,95.0,258.0,758.0,3200.0,Unknown,AMD,,,
909,AMD Athlon XP 2800+,CPU,2001-01-01,130.0,68.0,101.0,63.0,2083.0,Unknown,AMD,,,
912,AMD Athlon 64 3400+,CPU,2001-01-01,130.0,89.0,193.0,105.0,2400.0,Unknown,AMD,,,
914,AMD Phenom II X4 850,CPU,2011-06-01,45.0,95.0,169.0,300.0,3300.0,Unknown,AMD,,,
915,AMD Opteron 248,CPU,2003-11-17,130.0,89.0,193.0,106.0,2200.0,Unknown,AMD,,,
916,AMD A10-7850K,CPU,2014-01-14,28.0,95.0,246.0,1178.0,3700.0,Unknown,AMD,,,
917,AMD EPYC 7452,CPU,2019-08-07,7.0,155.0,74.0,3800.0,2200.0,TSMC,AMD,,,
921,AMD Ryzen 9 5900X,CPU,2020-11-05,7.0,105.0,,,3700.0,TSMC,AMD,,,
923,AMD Phenom II X2 555 BE,CPU,2010-01-25,45.0,80.0,258.0,758.0,3200.0,Unknown,AMD,,,
924,AMD Opteron 242,CPU,2004-12-01,90.0,85.0,,106.0,1600.0,Unknown,AMD,,,
927,AMD Athlon X2 7550,CPU,2008-12-15,65.0,95.0,285.0,450.0,2500.0,Unknown,AMD,,,
932,AMD A4-3400,CPU,2011-09-07,32.0,65.0,228.0,1178.0,2700.0,Unknown,AMD,,,
934,AMD Ryzen 9 3950X,CPU,2019-11-14,7.0,105.0,74.0,3800.0,3500.0,TSMC,AMD,,,
936,AMD FX-4170,CPU,2012-02-27,32.0,125.0,315.0,1200.0,4200.0,Unknown,AMD,,,
937,AMD Mobile Athlon 64 2800+,CPU,2004-08-01,130.0,62.0,193.0,106.0,1800.0,Unknown,AMD,,,
938,AMD Ryzen 5 2600,CPU,2018-04-19,12.0,65.0,192.0,4800.0,3400.0,GF,AMD,,,
947,AMD Opteron 850,CPU,2004-05-18,130.0,89.0,193.0,106.0,2400.0,Unknown,AMD,,,
948,AMD Ryzen 5 4600HS,CPU,2020-01-06,7.0,35.0,156.0,9800.0,3000.0,TSMC,AMD,,,
949,AMD Sempron 3100+,CPU,2005-07-15,90.0,62.0,,69.0,1800.0,Unknown,AMD,,,
952,AMD Athlon 64 3000+,CPU,2001-01-01,90.0,51.0,84.0,69.0,2000.0,Unknown,AMD,,,
955,AMD Opteron 246 HE,CPU,2005-03-01,90.0,55.0,,106.0,2000.0,Unknown,AMD,,,
956,AMD Phenom X3 8450e,CPU,2008-09-08,65.0,65.0,285.0,450.0,2100.0,Unknown,AMD,,,
958,AMD Ryzen 7 2700U,CPU,2017-10-26,14.0,15.0,246.0,,2200.0,GF,AMD,,,
961,AMD Phenom II X4 810,CPU,2009-02-09,45.0,95.0,258.0,758.0,2600.0,Unknown,AMD,,,
967,AMD Opteron 846 HE,CPU,2004-05-18,130.0,55.0,193.0,106.0,2000.0,Unknown,AMD,,,
968,AMD Phenom X3 8750 BE,CPU,2008-09-08,65.0,95.0,285.0,450.0,2400.0,Unknown,AMD,,,
969,AMD A6-3620,CPU,2011-12-20,32.0,65.0,228.0,1178.0,2200.0,Unknown,AMD,,,
970,AMD A6-5345M,CPU,2013-06-01,32.0,17.0,246.0,1178.0,2200.0,Unknown,AMD,,,
971,AMD A10-7700K,CPU,2014-01-14,28.0,95.0,246.0,1178.0,3500.0,Unknown,AMD,,,
972,AMD EPYC 7313P,CPU,2021-03-15,7.0,155.0,,,3000.0,TSMC,AMD,,,
974,AMD E-450,CPU,2011-08-22,40.0,18.0,75.0,,1650.0,Unknown,AMD,,,
975,AMD Athlon 64 X2 3600+ EE,CPU,2006-08-01,90.0,65.0,220.0,154.0,2000.0,Unknown,AMD,,,
976,AMD Ryzen 5 3500U,CPU,2019-01-06,12.0,15.0,210.0,4940.0,2100.0,GF,AMD,,,
984,AMD Mobile Athlon 64 3200+,CPU,2004-08-01,130.0,62.0,193.0,106.0,2000.0,Unknown,AMD,,,
986,AMD Athlon II X4 600e,CPU,2009-10-20,45.0,45.0,169.0,300.0,2200.0,Unknown,AMD,,,
989,AMD Opteron 844,CPU,2004-12-01,90.0,85.0,,106.0,1800.0,Unknown,AMD,,,
990,AMD Opteron X2 870 HE,CPU,2005-12-01,90.0,55.0,,233.0,2000.0,Unknown,AMD,,,
991,AMD Athlon 64 LE-1640,CPU,2008-04-01,65.0,45.0,77.0,122.0,2700.0,Unknown,AMD,,,
992,AMD Sempron 2400+,CPU,2004-07-28,130.0,62.0,80.0,37.0,1667.0,Unknown,AMD,,,
993,AMD Turion 64 ML-37,CPU,2005-03-10,90.0,35.0,125.0,114.0,2000.0,Unknown,AMD,,,
995,AMD Opteron X2 285,CPU,2006-03-06,90.0,95.0,,233.0,2600.0,Unknown,AMD,,,
1001,AMD A8-5550M,CPU,2013-06-01,32.0,35.0,246.0,1178.0,2100.0,Unknown,AMD,,,
1004,AMD Athlon 64 X2 4000+ EE,CPU,2006-05-23,90.0,65.0,220.0,154.0,2000.0,Unknown,AMD,,,
1006,AMD A6-9220C SoC,CPU,2019-01-07,28.0,6.0,124.0,1200.0,1800.0,Unknown,AMD,,,
1009,AMD Sempron 2800+,CPU,2001-01-01,130.0,25.0,144.0,69.0,1600.0,Unknown,AMD,,,
1012,AMD Athlon 64 X2 4000+,CPU,2006-12-05,65.0,65.0,126.0,154.0,2100.0,Unknown,AMD,,,
1014,AMD Athlon XP-M 2600+,CPU,2001-01-01,130.0,45.0,101.0,63.0,2000.0,Unknown,AMD,,,
1017,AMD Athlon XP 2100+,CPU,2002-03-13,180.0,72.0,150.0,37.0,1733.0,Unknown,AMD,,,
1020,AMD Athlon 64 3200+,CPU,2003-09-23,130.0,89.0,193.0,105.0,2000.0,Unknown,AMD,,,
1031,AMD A6-3430MX,CPU,2011-12-20,32.0,45.0,228.0,1178.0,1700.0,Unknown,AMD,,,
1032,AMD Athlon XP 2000+,CPU,2002-01-07,180.0,70.0,150.0,37.0,1667.0,Unknown,AMD,,,
1041,AMD Sempron X2 2100,CPU,2008-03-01,65.0,65.0,118.0,221.0,1800.0,Unknown,AMD,,,
1042,AMD FX-4350,CPU,2013-04-29,32.0,125.0,315.0,1200.0,4200.0,Unknown,AMD,,,
1045,AMD Ryzen 5 3600XT,CPU,2019-07-07,7.0,95.0,74.0,3800.0,3800.0,TSMC,AMD,,,
1047,AMD EPYC 7261,CPU,2018-06-14,14.0,170.0,213.0,4800.0,2500.0,GF,AMD,,,
1048,AMD Athlon XP-M 2500+,CPU,2001-01-01,130.0,45.0,101.0,63.0,1862.0,Unknown,AMD,,,
1049,AMD A6-5200,CPU,2013-05-23,32.0,25.0,246.0,1178.0,2000.0,Unknown,AMD,,,
1051,AMD A6-3670K,CPU,2011-12-20,32.0,100.0,228.0,1178.0,2700.0,Unknown,AMD,,,
1052,AMD A9-9425 SoC,CPU,2016-05-31,28.0,15.0,124.0,1200.0,3100.0,Unknown,AMD,,,
1056,AMD Athlon 850,CPU,2000-06-05,180.0,47.0,120.0,37.0,850.0,Unknown,AMD,,,
1057,AMD A12-9800,CPU,2017-07-27,28.0,65.0,246.0,1178.0,3800.0,Unknown,AMD,,,
1059,AMD Ryzen 3 2300U,CPU,2018-01-08,14.0,15.0,246.0,,2000.0,GF,AMD,,,
1060,AMD FX-4150,CPU,2012-10-23,32.0,95.0,315.0,1200.0,3800.0,Unknown,AMD,,,
1061,AMD A4-4355M,CPU,2012-09-27,32.0,17.0,246.0,1303.0,1900.0,Unknown,AMD,,,
1062,AMD Ryzen 3 4300G,CPU,2020-07-21,7.0,65.0,,,3800.0,TSMC,AMD,,,
1065,AMD A4-5300,CPU,2012-10-02,32.0,65.0,246.0,1178.0,3400.0,Unknown,AMD,,,
1066,AMD A9-9400 SoC,CPU,2016-05-31,28.0,10.0,124.0,1200.0,2400.0,Unknown,AMD,,,
1067,AMD Ryzen 7 4700G,CPU,2020-07-21,7.0,65.0,,,3600.0,TSMC,AMD,,,
1068,AMD Sempron 3000+,CPU,2004-09-17,130.0,62.0,101.0,63.0,2000.0,Unknown,AMD,,,
1075,AMD EPYC 7413,CPU,2021-03-15,7.0,180.0,,,2650.0,TSMC,AMD,,,
1076,AMD Opteron 6348,CPU,2012-11-05,32.0,115.0,315.0,2400.0,2800.0,Unknown,AMD,,,
1077,AMD Opteron X2 870,CPU,2005-09-26,90.0,95.0,,233.0,2000.0,Unknown,AMD,,,
1080,AMD Sempron 3200+,CPU,2005-10-01,90.0,62.0,84.0,63.0,1800.0,Unknown,AMD,,,
1082,AMD A10-4600M,CPU,2012-05-15,32.0,35.0,246.0,1178.0,2300.0,Unknown,AMD,,,
1088,AMD Phenom X4 9750B,CPU,2008-08-15,65.0,95.0,285.0,450.0,2400.0,Unknown,AMD,,,
1089,AMD Phenom II X4 B95,CPU,2009-10-01,45.0,95.0,258.0,758.0,3000.0,Unknown,AMD,,,
1090,AMD E-300,CPU,2011-08-22,40.0,18.0,75.0,,1300.0,Unknown,AMD,,,
1100,AMD Athlon XP 1600+,CPU,2001-01-01,130.0,49.0,80.0,37.0,1400.0,Unknown,AMD,,,
1102,AMD Athlon X2 QL-62,CPU,2008-09-01,65.0,25.0,,,2000.0,Unknown,AMD,,,
1103,AMD Ryzen 3 PRO 3300U,CPU,2019-04-08,12.0,15.0,210.0,4940.0,2100.0,GF,AMD,,,
1104,AMD Ryzen 3 PRO 4350G,CPU,2020-07-21,7.0,65.0,,,3800.0,TSMC,AMD,,,
1105,AMD Athlon 64 3400+,CPU,2004-04-27,130.0,89.0,144.0,105.0,2400.0,Unknown,AMD,,,
1110,AMD Athlon 64 X2 4200+,CPU,2006-05-23,90.0,89.0,156.0,154.0,2200.0,Unknown,AMD,,,
1114,AMD Athlon X2 QL-60,CPU,2008-06-01,65.0,35.0,,,1900.0,Unknown,AMD,,,
1120,AMD Athlon II X3 405e,CPU,2009-10-20,45.0,45.0,169.0,300.0,2300.0,Unknown,AMD,,,
1122,AMD Ryzen 3 3300X,CPU,2020-04-24,7.0,65.0,74.0,3800.0,3800.0,TSMC,AMD,,,
1124,AMD Athlon II X2 245e,CPU,2010-05-11,45.0,45.0,117.0,410.0,2900.0,Unknown,AMD,,,
1127,AMD Athlon 1400,CPU,2001-06-06,180.0,72.0,120.0,37.0,1400.0,Unknown,AMD,,,
1128,AMD Sempron 3000+,CPU,2004-11-23,90.0,25.0,,63.0,1800.0,Unknown,AMD,,,
1138,AMD Athlon 64 3400+,CPU,2004-01-06,130.0,89.0,193.0,105.0,2200.0,Unknown,AMD,,,
1144,AMD Athlon Gold 3150GE,CPU,2020-07-21,12.0,35.0,,,3500.0,GF,AMD,,,
1145,AMD Athlon 220GE,CPU,2018-06-01,14.0,35.0,192.0,4800.0,3400.0,Unknown,AMD,,,
1147,AMD Sempron 2600+,CPU,2001-01-01,130.0,25.0,144.0,69.0,1600.0,Unknown,AMD,,,
1148,AMD Athlon II X3 425,CPU,2009-10-20,45.0,95.0,169.0,300.0,2700.0,Unknown,AMD,,,
1150,AMD Athlon 64 4000+ (F3),CPU,2007-02-20,90.0,59.0,1.0,154.0,2600.0,Unknown,AMD,,,
1152,AMD Sempron LE-1250,CPU,2007-10-08,65.0,45.0,,,2200.0,Unknown,AMD,,,
1156,AMD Athlon II X3 445,CPU,2010-05-11,45.0,95.0,169.0,300.0,3100.0,Unknown,AMD,,,
1158,AMD Ryzen 3 3200G,CPU,2019-07-07,12.0,65.0,210.0,49.0,3600.0,GF,AMD,,,
1159,AMD Opteron 146,CPU,2005-08-02,90.0,67.0,,106.0,2000.0,Unknown,AMD,,,
1160,AMD A8-7680,CPU,2018-10-26,28.0,45.0,246.0,1178.0,3500.0,Unknown,AMD,,,
1161,AMD Ryzen Threadripper 1900,CPU,2017-08-31,14.0,125.0,213.0,9600.0,3100.0,GF,AMD,,,
1162,AMD Ryzen 7 2800H,CPU,2018-05-30,14.0,15.0,246.0,,3400.0,GF,AMD,,,
1163,AMD Athlon 64 X2 3800+ EE SFF,CPU,2006-05-23,90.0,35.0,220.0,154.0,2000.0,Unknown,AMD,,,
1165,AMD Ryzen 5 2500U,CPU,2017-10-26,14.0,15.0,246.0,,2000.0,GF,AMD,,,
1167,AMD Opteron 248,CPU,2004-12-01,90.0,85.0,,106.0,2200.0,Unknown,AMD,,,
1168,AMD Opteron X2 275,CPU,2005-05-31,90.0,95.0,,233.0,2200.0,Unknown,AMD,,,
1171,AMD Opteron 844,CPU,2003-06-30,130.0,85.0,193.0,106.0,1800.0,Unknown,AMD,,,
1174,AMD Athlon II X3 400e,CPU,2009-10-20,45.0,45.0,169.0,300.0,2200.0,Unknown,AMD,,,
1176,AMD Opteron X2 885,CPU,2006-03-06,90.0,95.0,,233.0,2600.0,Unknown,AMD,,,
1178,AMD Opteron 840,CPU,2003-09-09,130.0,82.0,193.0,106.0,1400.0,Unknown,AMD,,,
1179,AMD Sempron 145,CPU,2010-09-01,45.0,45.0,117.0,234.0,2800.0,Unknown,AMD,,,
1185,AMD Opteron 142,CPU,2004-05-18,130.0,82.0,193.0,106.0,1600.0,Unknown,AMD,,,
1187,AMD Z-01,CPU,2011-06-01,40.0,6.0,,,1000.0,Unknown,AMD,,,
1188,AMD A4-3300,CPU,2011-09-07,32.0,65.0,228.0,1178.0,2500.0,Unknown,AMD,,,
1189,AMD FX-8150,CPU,2011-10-12,32.0,125.0,315.0,1200.0,3600.0,Unknown,AMD,,,
1191,AMD Athlon 64 X2 3800+ EE,CPU,2006-05-23,90.0,65.0,220.0,154.0,2000.0,Unknown,AMD,,,
1198,AMD A10-6800K,CPU,2013-06-01,32.0,100.0,246.0,1178.0,4100.0,Unknown,AMD,,,
1199,AMD A10-6790K,CPU,2013-10-28,32.0,100.0,246.0,1178.0,4000.0,Unknown,AMD,,,
1201,AMD Turion X2 RM-75,CPU,2008-12-01,65.0,35.0,,,2200.0,Unknown,AMD,,,
1202,AMD Opteron 846,CPU,2004-12-01,90.0,85.0,,106.0,2000.0,Unknown,AMD,,,
1204,AMD Mobile Athlon 64 2700+,CPU,2004-08-01,130.0,82.0,193.0,106.0,1600.0,Unknown,AMD,,,
1205,AMD Athlon X4 970,CPU,2017-07-27,28.0,65.0,246.0,1178.0,3800.0,Unknown,AMD,,,
1206,AMD Sempron 2200+,CPU,2001-01-01,130.0,62.0,101.0,63.0,1500.0,Unknown,AMD,,,
1207,AMD EPYC 7713,CPU,2021-03-15,7.0,225.0,,,2000.0,TSMC,AMD,,,
1211,AMD A8-5500B,CPU,2012-10-02,32.0,65.0,246.0,1178.0,3200.0,Unknown,AMD,,,
1212,AMD Opteron 244,CPU,2004-12-01,90.0,85.0,,106.0,1800.0,Unknown,AMD,,,
1213,AMD Mobile Athlon 64 2800+,CPU,2004-08-01,130.0,35.0,193.0,106.0,1800.0,Unknown,AMD,,,
1218,AMD Athlon 64 FX-57,CPU,2005-06-27,90.0,104.0,115.0,114.0,2800.0,Unknown,AMD,,,
1219,AMD A4-5150M,CPU,2013-03-12,32.0,35.0,246.0,1178.0,2700.0,Unknown,AMD,,,
1222,AMD Athlon X2 6500 BE,CPU,2008-09-08,65.0,95.0,285.0,450.0,2300.0,Unknown,AMD,,,
1224,AMD A6-9550,CPU,2017-07-27,28.0,65.0,246.0,1178.0,3800.0,Unknown,AMD,,,
1225,AMD Athlon XP 1700+,CPU,2001-01-01,130.0,50.0,80.0,37.0,1467.0,Unknown,AMD,,,
1226,AMD Sempron 3500+ EE SFF,CPU,2006-05-23,90.0,35.0,103.0,81.0,2000.0,Unknown,AMD,,,
1228,AMD Opteron 148,CPU,2005-08-02,90.0,85.0,,106.0,2200.0,Unknown,AMD,,,
1230,AMD Ryzen 5 2600H,CPU,2018-05-30,14.0,15.0,246.0,,3300.0,GF,AMD,,,
1237,AMD Athlon 220GE,CPU,2018-12-21,14.0,35.0,192.0,4800.0,3400.0,Unknown,AMD,,,
1238,AMD EPYC 7313,CPU,2021-03-15,7.0,155.0,,,3000.0,TSMC,AMD,,,
1239,AMD Opteron 156,CPU,2005-05-01,90.0,104.0,,106.0,3000.0,Unknown,AMD,,,
1240,AMD Phenom II X4 970 BE,CPU,2010-09-21,45.0,125.0,258.0,758.0,3500.0,Unknown,AMD,,,
1244,AMD Ryzen Threadripper PRO 3995WX,CPU,2020-07-14,7.0,280.0,74.0,3800.0,2700.0,TSMC,AMD,,,
1246,AMD Athlon II X2 270u,CPU,2010-09-21,45.0,25.0,117.0,410.0,2000.0,Unknown,AMD,,,
1247,AMD Athlon 64 3000+,CPU,2004-10-14,90.0,67.0,84.0,69.0,1800.0,Unknown,AMD,,,
1250,AMD A6-9120C SoC,CPU,2019-01-07,28.0,6.0,124.0,1200.0,1600.0,Unknown,AMD,,,
1253,AMD Opteron 244,CPU,2004-05-18,130.0,82.0,193.0,106.0,1800.0,Unknown,AMD,,,
1255,AMD Sempron 3000+,CPU,2006-05-23,90.0,62.0,103.0,81.0,1600.0,Unknown,AMD,,,
1256,AMD Athlon 64 X2 5000+ EE,CPU,2006-09-06,90.0,65.0,220.0,154.0,2600.0,Unknown,AMD,,,
1259,AMD Opteron X2 265,CPU,2005-05-31,90.0,95.0,,233.0,1800.0,Unknown,AMD,,,
1261,AMD Athlon 64 LE-1640,CPU,2007-10-08,90.0,45.0,230.0,227.0,2600.0,Unknown,AMD,,,
1262,AMD Athlon 64 3700+,CPU,2001-01-01,90.0,89.0,199.0,233.0,2200.0,Unknown,AMD,,,
1267,AMD Ryzen 5 PRO 4650GE,CPU,2020-07-21,7.0,35.0,,,3300.0,TSMC,AMD,,,
1268,AMD Phenom II X3 710,CPU,2009-02-09,45.0,95.0,258.0,758.0,2600.0,Unknown,AMD,,,
1270,AMD Opteron 150,CPU,2005-08-02,90.0,85.0,,106.0,2400.0,Unknown,AMD,,,
1272,AMD Ryzen 5 3600X,CPU,2019-07-07,7.0,95.0,74.0,3800.0,3800.0,TSMC,AMD,,,
1274,AMD Opteron 846 HE,CPU,2005-03-01,90.0,55.0,,106.0,2000.0,Unknown,AMD,,,
1278,AMD Athlon II X2 240e,CPU,2009-10-20,45.0,45.0,117.0,410.0,2800.0,Unknown,AMD,,,
1279,AMD A8-3530MX,CPU,2011-06-14,32.0,45.0,228.0,1178.0,1900.0,Unknown,AMD,,,
1282,AMD Sempron 3300+,CPU,2005-08-19,90.0,62.0,,63.0,2000.0,Unknown,AMD,,,
1284,AMD Athlon 64 3400+,CPU,2001-01-01,90.0,67.0,84.0,69.0,2400.0,Unknown,AMD,,,
1285,AMD Athlon 64 X2 4800+ EE,CPU,2006-05-23,90.0,65.0,220.0,154.0,2400.0,Unknown,AMD,,,
1288,AMD Opteron 6380,CPU,2012-11-05,32.0,115.0,315.0,2400.0,2500.0,Unknown,AMD,,,
1289,AMD Athlon II X4 630,CPU,2009-09-16,45.0,95.0,169.0,300.0,2800.0,Unknown,AMD,,,
1290,AMD Athlon 64 X2 4200+,CPU,2006-12-01,65.0,65.0,126.0,154.0,2200.0,Unknown,AMD,,,
1294,AMD Athlon II X3 420e,CPU,2010-09-21,45.0,45.0,169.0,300.0,2600.0,Unknown,AMD,,,
1296,AMD Phenom II X4 650T,CPU,2011-07-01,45.0,95.0,346.0,904.0,2700.0,Unknown,AMD,,,
1299,AMD Athlon X2 4850e,CPU,2008-03-05,65.0,45.0,126.0,154.0,2500.0,Unknown,AMD,,,
1304,AMD Opteron 244,CPU,2003-04-22,130.0,85.0,193.0,106.0,1800.0,Unknown,AMD,,,
1307,AMD Phenom II X4 905e,CPU,2009-06-02,45.0,65.0,258.0,758.0,2500.0,Unknown,AMD,,,
1309,AMD Athlon XP 2400+,CPU,2003-09-01,130.0,68.0,,63.0,2000.0,Unknown,AMD,,,
1310,AMD Sempron 2600+,CPU,2004-07-28,130.0,62.0,80.0,37.0,1833.0,Unknown,AMD,,,
1318,AMD Sempron 3200+,CPU,2006-05-23,90.0,62.0,103.0,81.0,1800.0,Unknown,AMD,,,
1319,AMD Athlon II X3 435,CPU,2009-10-09,45.0,95.0,169.0,300.0,2900.0,Unknown,AMD,,,
1324,AMD FX-6100,CPU,2011-10-12,32.0,95.0,315.0,1200.0,3300.0,Unknown,AMD,,,
1325,AMD Athlon 64 X2 3600+,CPU,2001-01-01,90.0,89.0,156.0,154.0,2000.0,Unknown,AMD,,,
1327,AMD Mobile Athlon 64 2700+,CPU,2005-08-01,130.0,35.0,193.0,106.0,1600.0,Unknown,AMD,,,
1330,AMD Athlon 64 3800+,CPU,2005-04-04,90.0,89.0,83.0,69.0,2400.0,Unknown,AMD,,,
1332,AMD FX-4100,CPU,2011-10-12,32.0,95.0,315.0,1200.0,3600.0,Unknown,AMD,,,
1335,AMD Sempron 2300+,CPU,2001-01-01,130.0,62.0,101.0,63.0,1583.0,Unknown,AMD,,,
1336,AMD FX-6130,CPU,2012-10-23,32.0,95.0,315.0,1200.0,3600.0,Unknown,AMD,,,
1337,AMD Phenom II X4 B93,CPU,2009-10-01,45.0,95.0,258.0,758.0,2800.0,Unknown,AMD,,,
1338,AMD Opteron 242,CPU,2003-04-22,130.0,85.0,193.0,106.0,1600.0,Unknown,AMD,,,
1339,AMD Ryzen Threadripper 3980X,CPU,2019-11-14,7.0,280.0,74.0,3800.0,3500.0,TSMC,AMD,,,
1343,AMD A6-1450,CPU,2013-05-23,32.0,8.0,246.0,1178.0,1000.0,Unknown,AMD,,,
1346,AMD Opteron 842,CPU,2003-06-30,130.0,85.0,193.0,106.0,1600.0,Unknown,AMD,,,
1348,AMD Athlon 64 4000+,CPU,2001-01-01,90.0,89.0,199.0,233.0,2400.0,Unknown,AMD,,,
1349,AMD A4-3305M,CPU,2011-06-14,32.0,35.0,228.0,1178.0,1900.0,Unknown,AMD,,,
1350,AMD Ryzen 5 2600E,CPU,2018-09-19,12.0,65.0,192.0,4800.0,3100.0,GF,AMD,,,
1354,AMD Opteron 250 HE,CPU,2005-03-01,90.0,55.0,,106.0,2400.0,Unknown,AMD,,,
1356,AMD Athlon 64 3000+,CPU,2001-01-01,90.0,51.0,84.0,69.0,2000.0,Unknown,AMD,,,
1360,AMD Phenom X3 8450,CPU,2008-04-23,65.0,95.0,285.0,450.0,2100.0,Unknown,AMD,,,
1362,AMD Athlon II X4 641,CPU,2012-02-06,32.0,100.0,228.0,1178.0,2800.0,Unknown,AMD,,,
1363,AMD Sempron 3400+,CPU,2005-10-01,90.0,62.0,84.0,63.0,2000.0,Unknown,AMD,,,
1364,AMD Ryzen 7 5700G,CPU,2021-04-13,7.0,65.0,,,3800.0,TSMC,AMD,,,
1367,AMD Opteron 144,CPU,2003-09-09,130.0,82.0,193.0,106.0,1800.0,Unknown,AMD,,,
1370,AMD Mobile Athlon 64 2800+,CPU,2004-08-01,130.0,82.0,193.0,106.0,1800.0,Unknown,AMD,,,
1374,AMD EPYC 7543,CPU,2021-03-15,7.0,225.0,,,2800.0,TSMC,AMD,,,
1375,AMD Phenom II X4 960T BE,CPU,2010-06-01,45.0,95.0,346.0,904.0,3000.0,Unknown,AMD,,,
1377,AMD Ryzen 7 5800H,CPU,2021-01-12,7.0,54.0,156.0,9800.0,3200.0,TSMC,AMD,,,
1378,AMD Opteron X2 280,CPU,2005-09-26,90.0,95.0,,233.0,2400.0,Unknown,AMD,,,
1379,AMD Athlon 1133,CPU,2000-10-31,180.0,63.0,120.0,37.0,1133.0,Unknown,AMD,,,
1381,AMD FX-8370,CPU,2014-09-02,32.0,125.0,315.0,1200.0,4000.0,Unknown,AMD,,,
1382,AMD Ryzen 7 3700U,CPU,2019-01-06,12.0,15.0,210.0,4940.0,2300.0,GF,AMD,,,
1385,AMD Phenom II X2 545,CPU,2009-06-01,45.0,80.0,258.0,758.0,3000.0,Unknown,AMD,,,
1388,AMD Athlon 600,CPU,2000-06-05,180.0,38.0,120.0,37.0,600.0,Unknown,AMD,,,
1389,AMD Athlon II X2 235e,CPU,2009-10-20,45.0,45.0,117.0,410.0,2700.0,Unknown,AMD,,,
1391,AMD Athlon 64 X2 5800+,CPU,2008-04-01,65.0,89.0,126.0,154.0,3000.0,Unknown,AMD,,,
1392,AMD Athlon XP 2000+,CPU,2003-09-01,130.0,60.0,,63.0,1667.0,Unknown,AMD,,,
1399,AMD Athlon 64 X2 4400+,CPU,2006-05-23,90.0,89.0,220.0,154.0,2200.0,Unknown,AMD,,,
1404,AMD Phenom II 42 TWKR Black Edition,CPU,2009-06-01,45.0,125.0,258.0,758.0,2000.0,Unknown,AMD,,,
1405,AMD Phenom II X4 925,CPU,2009-05-11,45.0,95.0,258.0,758.0,2800.0,Unknown,AMD,,,
1406,AMD Ryzen 7 PRO 2700,CPU,2018-09-19,12.0,65.0,192.0,4800.0,3200.0,GF,AMD,,,
1408,AMD EPYC 7F32,CPU,2020-04-14,7.0,180.0,74.0,3800.0,3700.0,TSMC,AMD,,,
1410,AMD Athlon 64 3500+ (F3),CPU,2007-02-20,90.0,59.0,1.0,154.0,2200.0,Unknown,AMD,,,
1416,AMD Athlon II X2 265,CPU,2010-09-21,45.0,65.0,117.0,410.0,3300.0,Unknown,AMD,,,
1417,AMD Phenom X4 9500,CPU,2007-11-19,65.0,95.0,285.0,450.0,2200.0,Unknown,AMD,,,
1418,AMD Turion 64 MT-28,CPU,2005-06-22,90.0,22.0,125.0,114.0,1600.0,Unknown,AMD,,,
1421,AMD EPYC 7251,CPU,2017-06-29,14.0,120.0,213.0,4800.0,2100.0,GF,AMD,,,
1422,AMD Ryzen 9 4900HS,CPU,2020-03-07,7.0,35.0,156.0,9800.0,3000.0,TSMC,AMD,,,
1423,AMD A10-4655M,CPU,2012-05-15,32.0,25.0,246.0,1178.0,2000.0,Unknown,AMD,,,
1425,AMD FX-4130,CPU,2013-01-30,32.0,125.0,315.0,1200.0,3800.0,Unknown,AMD,,,
1429,AMD Athlon XP 2500+ DTR,CPU,2003-02-10,130.0,68.0,101.0,63.0,1833.0,Unknown,AMD,,,
1430,AMD A10-5800K,CPU,2012-10-02,32.0,100.0,246.0,1178.0,3800.0,Unknown,AMD,,,
1432,AMD Athlon II X4 631,CPU,2011-08-17,32.0,100.0,228.0,1178.0,2600.0,Unknown,AMD,,,
1433,AMD Opteron 846,CPU,2004-12-01,90.0,85.0,,106.0,2000.0,Unknown,AMD,,,
1434,AMD Athlon 64 X2 3800+,CPU,2005-08-01,90.0,89.0,156.0,154.0,2000.0,Unknown,AMD,,,
1435,AMD Opteron 848,CPU,2003-11-17,130.0,89.0,193.0,106.0,2200.0,Unknown,AMD,,,
1437,AMD Phenom II X6 1035T,CPU,2010-04-27,45.0,95.0,346.0,904.0,2600.0,Unknown,AMD,,,
1439,AMD Sempron 3400+,CPU,2005-08-01,90.0,62.0,84.0,63.0,2000.0,Unknown,AMD,,,
1440,AMD Athlon 64 3500+ EE,CPU,2007-02-20,90.0,35.0,183.0,154.0,2200.0,Unknown,AMD,,,
1441,AMD Ryzen 5 PRO 1600,CPU,2017-06-29,14.0,65.0,192.0,4800.0,3200.0,GF,AMD,,,
1442,AMD Athlon 64 3200+,CPU,2004-04-27,130.0,89.0,144.0,69.0,2000.0,Unknown,AMD,,,
1446,AMD Athlon 64 2800+,CPU,2004-04-27,130.0,32.0,144.0,69.0,1800.0,Unknown,AMD,,,
1447,AMD Ryzen 7 3800XT,CPU,2020-07-07,7.0,105.0,74.0,3800.0,3800.0,TSMC,AMD,,,
1449,AMD Turion 64 MT-40,CPU,2005-08-08,90.0,25.0,125.0,114.0,2200.0,Unknown,AMD,,,
1452,AMD Phenom X4 9950 BE (125W),CPU,2008-10-01,65.0,125.0,285.0,450.0,2600.0,Unknown,AMD,,,
1453,AMD Athlon II X3 425e,CPU,2011-05-03,45.0,45.0,169.0,300.0,2700.0,Unknown,AMD,,,
1454,AMD Athlon XP-M 2400+,CPU,2001-01-01,130.0,45.0,101.0,63.0,1800.0,Unknown,AMD,,,
1458,AMD A4-3310MX,CPU,2011-06-14,32.0,35.0,228.0,1178.0,2100.0,Unknown,AMD,,,
1459,AMD Ryzen 3 4300U,CPU,2020-01-06,7.0,25.0,156.0,9800.0,2700.0,TSMC,AMD,,,
1462,AMD Sempron 3000+ EE SFF,CPU,2006-05-23,90.0,35.0,103.0,81.0,1600.0,Unknown,AMD,,,
1464,AMD Athlon 64 LE-1640B,CPU,2008-04-28,65.0,45.0,77.0,122.0,2700.0,Unknown,AMD,,,
1465,AMD Opteron 248,CPU,2004-05-18,130.0,89.0,193.0,106.0,2200.0,Unknown,AMD,,,
1467,AMD Athlon II X4 615e,CPU,2010-09-21,45.0,45.0,169.0,300.0,2500.0,Unknown,AMD,,,
1473,AMD Athlon XP 2200+,CPU,2001-01-01,130.0,63.0,80.0,37.0,1800.0,Unknown,AMD,,,
1474,AMD A6-9500,CPU,2017-07-27,28.0,65.0,246.0,1178.0,3500.0,Unknown,AMD,,,
1475,AMD Athlon 64 FX-53,CPU,2004-03-18,130.0,89.0,193.0,105.0,2400.0,Unknown,AMD,,,
1476,AMD Ryzen 7 PRO 4750GE,CPU,2020-07-21,7.0,35.0,,,3100.0,TSMC,AMD,,,
1480,AMD Athlon 64 3800+,CPU,2004-06-01,130.0,89.0,193.0,106.0,2400.0,Unknown,AMD,,,
1481,AMD Opteron 6272,CPU,2011-11-14,32.0,115.0,316.0,2400.0,2100.0,Unknown,AMD,,,
1483,AMD Turion 64 ML-28,CPU,2005-06-22,90.0,32.0,125.0,114.0,1600.0,Unknown,AMD,,,
1491,AMD Opteron 240,CPU,2003-08-05,130.0,82.0,193.0,106.0,1400.0,Unknown,AMD,,,
1501,AMD A6-5357M,CPU,2013-06-01,32.0,35.0,246.0,1178.0,2900.0,Unknown,AMD,,,
1504,AMD A6-9500E,CPU,2017-07-27,28.0,35.0,246.0,1178.0,3000.0,Unknown,AMD,,,
1508,AMD Athlon X2 QL-67,CPU,2008-12-01,65.0,35.0,,,2200.0,Unknown,AMD,,,
1511,AMD Sempron 2400+,CPU,2001-01-01,130.0,62.0,101.0,63.0,1667.0,Unknown,AMD,,,
1512,AMD Ryzen 7 1700,CPU,2017-03-02,14.0,65.0,192.0,4800.0,3000.0,GF,AMD,,,
1513,AMD Athlon 64 3000+,CPU,2004-04-27,130.0,32.0,144.0,69.0,1800.0,Unknown,AMD,,,
1515,AMD Phenom II X6 1045T,CPU,2010-09-01,45.0,95.0,346.0,904.0,2700.0,Unknown,AMD,,,
1516,AMD A8-4500M,CPU,2012-05-15,32.0,35.0,246.0,1178.0,1900.0,Unknown,AMD,,,
1519,AMD Athlon 64 FX-60,CPU,2006-01-09,90.0,110.0,199.0,233.0,2600.0,Unknown,AMD,,,
1521,AMD Athlon XP 3100+,CPU,2003-12-01,130.0,68.0,,63.0,2200.0,Unknown,AMD,,,
1522,AMD Sempron 3600+,CPU,2006-05-17,90.0,62.0,,69.0,2200.0,Unknown,AMD,,,
1524,AMD Ryzen 3 PRO 1200,CPU,2017-06-29,14.0,65.0,192.0,4800.0,3100.0,GF,AMD,,,
1526,AMD EPYC Embedded 3251,CPU,2018-02-21,14.0,50.0,213.0,4800.0,2500.0,GF,AMD,,,
1529,AMD Sempron 3400+,CPU,2006-05-17,90.0,25.0,,69.0,2000.0,Unknown,AMD,,,
1531,AMD Opteron 856,CPU,2006-04-01,90.0,92.0,,106.0,3000.0,Unknown,AMD,,,
1532,AMD A10-5745M,CPU,2013-06-01,32.0,25.0,246.0,1178.0,2100.0,Unknown,AMD,,,
1536,AMD Ryzen Threadripper 2920X,CPU,2018-10-03,12.0,180.0,213.0,19200.0,3500.0,GF,AMD,,,
1545,AMD Opteron X2 865 HE,CPU,2005-08-01,90.0,55.0,,233.0,1800.0,Unknown,AMD,,,
1548,AMD Ryzen 3 2300X,CPU,2018-08-01,14.0,65.0,210.0,4950.0,3500.0,GF,AMD,,,
1552,AMD Athlon 64 X2 4800+,CPU,2006-05-23,90.0,89.0,220.0,154.0,2400.0,Unknown,AMD,,,
1553,AMD Athlon 64 3200+,CPU,2005-05-31,90.0,67.0,156.0,154.0,2000.0,Unknown,AMD,,,
1554,AMD A10-7890K,CPU,2016-01-11,28.0,95.0,246.0,1178.0,4000.0,Unknown,AMD,,,
1555,AMD A10-5757M,CPU,2013-06-01,32.0,35.0,246.0,1178.0,2500.0,Unknown,AMD,,,
1556,AMD Sempron X2 2100,CPU,2008-03-01,65.0,65.0,118.0,221.0,1800.0,Unknown,AMD,,,
1562,AMD Athlon 64 3500+,CPU,2006-05-23,90.0,62.0,183.0,154.0,2200.0,Unknown,AMD,,,
1565,AMD Turion X2 RM-70,CPU,2006-06-01,65.0,31.0,,,2000.0,Unknown,AMD,,,
1566,AMD Opteron 146 HE,CPU,2004-02-14,130.0,55.0,193.0,106.0,2000.0,Unknown,AMD,,,
1570,AMD Sempron 2500+,CPU,2001-01-01,130.0,62.0,101.0,63.0,1750.0,Unknown,AMD,,,
1574,AMD Athlon 64 3500+,CPU,2004-06-01,130.0,89.0,144.0,69.0,2200.0,Unknown,AMD,,,
1575,AMD Ryzen 5 2400G,CPU,2018-02-12,14.0,65.0,210.0,4950.0,3600.0,GF,AMD,,,
1576,AMD Ryzen 3 3250U,CPU,2020-01-06,12.0,15.0,210.0,4940.0,2600.0,GF,AMD,,,
1577,AMD Athlon II X2 260u,CPU,2009-10-20,45.0,25.0,117.0,410.0,1800.0,Unknown,AMD,,,
1581,AMD Athlon XP 2400+,CPU,2002-08-21,130.0,65.0,80.0,37.0,2000.0,Unknown,AMD,,,
1583,AMD Phenom II X2 550 BE,CPU,2009-06-01,45.0,80.0,258.0,758.0,3100.0,Unknown,AMD,,,
1587,AMD Athlon 64 FX-70,CPU,2006-11-30,90.0,125.0,235.0,227.0,2600.0,Unknown,AMD,,,
1589,AMD Ryzen 5 3600,CPU,2019-07-07,7.0,65.0,74.0,3800.0,3600.0,TSMC,AMD,,,
1591,AMD Ryzen 5 3580U,CPU,2019-10-22,12.0,15.0,210.0,4940.0,2100.0,GF,AMD,,,
1595,AMD Mobile Athlon 64 3000+,CPU,2004-08-01,130.0,35.0,193.0,106.0,2000.0,Unknown,AMD,,,
1597,AMD Ryzen Embedded V1202B,CPU,2018-02-21,14.0,15.0,210.0,4950.0,2300.0,GF,AMD,,,
1601,AMD Turion X2 Ultra ZM-80,CPU,2008-06-01,65.0,32.0,,,2100.0,Unknown,AMD,,,
1602,AMD Athlon 64 X2 4600+,CPU,2006-05-23,90.0,89.0,220.0,154.0,2400.0,Unknown,AMD,,,
1604,AMD Opteron X2 170,CPU,2005-08-02,90.0,110.0,,233.0,2000.0,Unknown,AMD,,,
1610,AMD Ryzen 5 4600GE,CPU,2020-07-21,7.0,35.0,,,3300.0,TSMC,AMD,,,
1618,AMD Turion X2 Ultra ZM-85,CPU,2008-09-01,65.0,35.0,,,2300.0,Unknown,AMD,,,
1619,AMD Ryzen 3 2200G,CPU,2018-02-12,14.0,65.0,210.0,4950.0,3500.0,GF,AMD,,,
1620,AMD Phenom II X4 945 (95W),CPU,2009-07-22,45.0,95.0,258.0,758.0,3000.0,Unknown,AMD,,,
1621,AMD EPYC 7F52,CPU,2020-04-14,7.0,155.0,74.0,3800.0,3500.0,TSMC,AMD,,,
1624,AMD Athlon 64 2850e,CPU,2008-08-01,65.0,22.0,77.0,122.0,1800.0,Unknown,AMD,,,
1626,AMD Athlon 64 X2 4800+,CPU,2006-12-05,65.0,65.0,126.0,154.0,2500.0,Unknown,AMD,,,
1632,AMD Opteron 240,CPU,2004-05-18,130.0,82.0,193.0,106.0,1400.0,Unknown,AMD,,,
1633,AMD Athlon 64 X2 4200+ EE,CPU,2006-05-23,90.0,65.0,220.0,154.0,2200.0,Unknown,AMD,,,
1634,AMD Phenom II X6 1075T,CPU,2010-09-21,45.0,125.0,346.0,904.0,3000.0,Unknown,AMD,,,
1642,AMD A10-6700,CPU,2013-06-01,32.0,65.0,246.0,1178.0,3700.0,Unknown,AMD,,,
1645,AMD A10-6700T,CPU,2013-09-16,32.0,45.0,246.0,1178.0,2500.0,Unknown,AMD,,,
1646,AMD Athlon XP 1800+,CPU,2001-10-09,180.0,66.0,150.0,37.0,1533.0,Unknown,AMD,,,
1648,AMD A9-9410 SoC,CPU,2016-05-31,28.0,25.0,124.0,1200.0,2900.0,Unknown,AMD,,,
1651,AMD Athlon II X2 240,CPU,2009-07-23,45.0,65.0,117.0,410.0,2800.0,Unknown,AMD,,,
1652,AMD Opteron 140,CPU,2004-05-18,130.0,82.0,193.0,106.0,1400.0,Unknown,AMD,,,
1655,AMD A8-6500,CPU,2013-06-01,32.0,65.0,246.0,1178.0,3500.0,Unknown,AMD,,,
1657,AMD Athlon 64 X2 4600+,CPU,2006-05-23,90.0,89.0,156.0,154.0,2400.0,Unknown,AMD,,,
1658,AMD Opteron 4376 HE,CPU,2012-12-04,32.0,65.0,315.0,1200.0,2600.0,Unknown,AMD,,,
1660,AMD Ryzen 3 1200,CPU,2017-07-27,14.0,65.0,192.0,4800.0,3100.0,GF,AMD,,,
1661,AMD Phenom II X4 970 BE,CPU,2010-10-01,45.0,125.0,346.0,904.0,3500.0,Unknown,AMD,,,
1665,AMD Opteron X2 165,CPU,2005-08-02,90.0,110.0,,233.0,1800.0,Unknown,AMD,,,
1667,AMD Sempron 2800+,CPU,2004-08-01,90.0,62.0,84.0,63.0,1600.0,Unknown,AMD,,,
1668,AMD Phenom II X2 B53,CPU,2009-10-01,45.0,80.0,258.0,758.0,2800.0,Unknown,AMD,,,
1669,AMD Athlon II X2 255,CPU,2010-01-25,45.0,65.0,117.0,410.0,3100.0,Unknown,AMD,,,
1675,AMD Athlon 64 3300+,CPU,2004-04-27,130.0,89.0,144.0,105.0,2400.0,Unknown,AMD,,,
1678,AMD Opteron 6276,CPU,2011-11-14,32.0,115.0,316.0,2400.0,2300.0,Unknown,AMD,,,
1679,AMD Opteron 6278,CPU,2012-05-01,32.0,115.0,316.0,2400.0,2400.0,Unknown,AMD,,,
1681,AMD Phenom X4 9750 (95W),CPU,2008-03-27,65.0,95.0,285.0,450.0,2400.0,Unknown,AMD,,,
1682,AMD Mobile Athlon 64 2700+,CPU,2005-08-01,130.0,35.0,193.0,106.0,1600.0,Unknown,AMD,,,
1683,AMD Phenom X3 8600,CPU,2008-03-27,65.0,95.0,285.0,450.0,2300.0,Unknown,AMD,,,
1684,AMD FX-4320,CPU,2012-10-23,32.0,95.0,315.0,1200.0,4000.0,Unknown,AMD,,,
1685,AMD Athlon 64 X2 5400+ BE,CPU,2008-02-01,65.0,65.0,126.0,154.0,2800.0,Unknown,AMD,,,
1691,AMD Opteron X2 175,CPU,2005-08-02,90.0,110.0,,233.0,2200.0,Unknown,AMD,,,
1697,AMD A6-5400B,CPU,2012-10-02,32.0,65.0,246.0,1178.0,3600.0,Unknown,AMD,,,
1701,AMD Ryzen 7 5800HS,CPU,2021-01-12,7.0,35.0,156.0,9800.0,2800.0,TSMC,AMD,,,
1702,AMD Ryzen Threadripper 3970X,CPU,2019-11-25,7.0,280.0,74.0,3800.0,3700.0,TSMC,AMD,,,
1704,AMD Athlon X2 4450e,CPU,2008-04-21,65.0,45.0,126.0,154.0,2300.0,Unknown,AMD,,,
1708,AMD Ryzen 5 1600,CPU,2017-04-11,14.0,65.0,192.0,4800.0,3200.0,GF,AMD,,,
1709,AMD Athlon XP 1600+,CPU,2001-10-09,180.0,63.0,150.0,37.0,1400.0,Unknown,AMD,,,
1710,AMD Ryzen Threadripper 3990X,CPU,2020-02-07,7.0,280.0,74.0,3800.0,2900.0,TSMC,AMD,,,
1713,AMD Athlon 64 3200+,CPU,2005-04-14,130.0,62.0,,105.0,2000.0,Unknown,AMD,,,
1715,AMD Athlon II X4 651,CPU,2011-11-14,32.0,100.0,228.0,1178.0,3000.0,Unknown,AMD,,,
1719,AMD EPYC 7642,CPU,2019-08-07,7.0,225.0,74.0,3800.0,2400.0,TSMC,AMD,,,
1720,AMD Phenom II X4 940 BE,CPU,2009-01-08,45.0,125.0,258.0,758.0,3000.0,Unknown,AMD,,,
1723,AMD Athlon 64 4000+,CPU,2004-10-19,90.0,89.0,115.0,105.0,2400.0,Unknown,AMD,,,
1727,AMD Ryzen 7 3700X,CPU,2019-07-07,7.0,65.0,74.0,3800.0,3600.0,TSMC,AMD,,,
1735,AMD Sempron 3100+,CPU,2001-01-01,130.0,25.0,144.0,69.0,1800.0,Unknown,AMD,,,
1737,AMD Ryzen Threadripper 1920,CPU,2017-07-29,14.0,140.0,213.0,9600.0,3200.0,GF,AMD,,,
1751,AMD Athlon XP 1900+,CPU,2001-01-01,130.0,53.0,80.0,37.0,1600.0,Unknown,AMD,,,
1752,AMD A4-1200,CPU,2013-05-23,32.0,4.0,246.0,1178.0,1000.0,Unknown,AMD,,,
1754,AMD Opteron 242,CPU,2003-08-05,130.0,82.0,193.0,106.0,1600.0,Unknown,AMD,,,
1760,AMD Athlon 220GE,CPU,2018-12-21,14.0,35.0,192.0,4800.0,3400.0,Unknown,AMD,,,
1767,AMD EPYC 7443,CPU,2021-03-15,7.0,200.0,,,2850.0,TSMC,AMD,,,
1768,AMD Athlon XP 3000+,CPU,2001-01-01,130.0,68.0,101.0,63.0,2167.0,Unknown,AMD,,,
1771,AMD Opteron 3320 EE,CPU,2012-12-04,32.0,25.0,315.0,1200.0,1900.0,Unknown,AMD,,,
1772,AMD C-30,CPU,2011-01-04,40.0,9.0,75.0,,1200.0,Unknown,AMD,,,
1773,AMD Ryzen 7 4800HS,CPU,2020-01-06,7.0,35.0,156.0,9800.0,2900.0,TSMC,AMD,,,
1774,AMD Turion 64 ML-44,CPU,2006-01-04,90.0,35.0,125.0,114.0,2400.0,Unknown,AMD,,,
1777,AMD Opteron X2 880,CPU,2005-09-26,90.0,95.0,,233.0,2400.0,Unknown,AMD,,,
1784,AMD Opteron 848 HE,CPU,2005-03-01,90.0,55.0,,106.0,2200.0,Unknown,AMD,,,
1786,AMD Opteron 152,CPU,2005-08-02,90.0,104.0,,106.0,2600.0,Unknown,AMD,,,
1787,AMD Athlon XP 2000+,CPU,2002-06-10,130.0,60.0,80.0,37.0,1667.0,Unknown,AMD,,,
1788,AMD Opteron X2170,CPU,2016-09-01,28.0,25.0,,,2400.0,Unknown,AMD,,,
1789,AMD Opteron X2 860 HE,CPU,2005-08-01,90.0,55.0,,233.0,1600.0,Unknown,AMD,,,
1790,AMD Phenom II X2 560 BE,CPU,2010-09-21,45.0,80.0,258.0,758.0,3300.0,Unknown,AMD,,,
1796,AMD FX-6300,CPU,2012-10-23,32.0,95.0,315.0,1200.0,3500.0,Unknown,AMD,,,
1797,AMD Athlon II X2 280,CPU,2013-02-06,45.0,65.0,117.0,410.0,3600.0,Unknown,AMD,,,
1798,AMD Opteron 6366 HE,CPU,2012-11-05,32.0,85.0,315.0,2400.0,1800.0,Unknown,AMD,,,
1803,AMD Opteron A1120,CPU,2016-01-14,28.0,25.0,,,1700.0,Unknown,AMD,,,
1804,AMD Athlon 64 3200+,CPU,2007-02-20,65.0,45.0,77.0,122.0,2000.0,Unknown,AMD,,,
1810,AMD Opteron 840 EE,CPU,2004-05-18,130.0,30.0,193.0,106.0,1400.0,Unknown,AMD,,,
1812,AMD A8-3520M,CPU,2011-12-20,32.0,35.0,228.0,1178.0,1600.0,Unknown,AMD,,,
1814,AMD Athlon X2 QL-64,CPU,2008-12-01,65.0,35.0,,,2100.0,Unknown,AMD,,,
1816,AMD Athlon 64 X2 5600+,CPU,2008-02-01,65.0,65.0,126.0,154.0,2900.0,Unknown,AMD,,,
1818,AMD Sempron 2800+,CPU,2001-01-01,130.0,62.0,101.0,63.0,2000.0,Unknown,AMD,,,
1820,AMD Phenom II X3 720 BE,CPU,2009-02-09,45.0,95.0,258.0,758.0,2800.0,Unknown,AMD,,,
1821,AMD EPYC 7252,CPU,2019-08-07,7.0,120.0,74.0,3800.0,2800.0,TSMC,AMD,,,
1822,AMD Athlon X2 BE-2300,CPU,2007-10-08,65.0,45.0,126.0,154.0,1900.0,Unknown,AMD,,,
1826,AMD Sempron 3000+,CPU,2005-02-15,130.0,62.0,144.0,69.0,1800.0,Unknown,AMD,,,
1830,AMD Athlon 64 X2 5400+,CPU,2008-01-01,65.0,65.0,126.0,154.0,2800.0,Unknown,AMD,,,
1831,AMD A6-4400M,CPU,2012-05-15,32.0,35.0,246.0,1178.0,2700.0,Unknown,AMD,,,
1832,AMD Ryzen 5 4600G,CPU,2020-07-21,7.0,65.0,,,3700.0,TSMC,AMD,,,
1834,AMD Ryzen 7 PRO 2700U,CPU,2017-10-26,14.0,15.0,246.0,,2200.0,GF,AMD,,,
1836,AMD Athlon 64 X2 5000+ BE,CPU,2007-09-25,65.0,65.0,126.0,154.0,2600.0,Unknown,AMD,,,
1837,AMD E1-2500,CPU,2013-05-23,32.0,15.0,246.0,1178.0,1400.0,Unknown,AMD,,,
1838,AMD Opteron X2 890,CPU,2006-03-06,90.0,95.0,,233.0,2800.0,Unknown,AMD,,,
1841,AMD A8-3870K,CPU,2011-12-20,32.0,100.0,228.0,1178.0,3000.0,Unknown,AMD,,,
1842,AMD Sempron 2800+,CPU,2004-07-28,130.0,62.0,80.0,37.0,1992.0,Unknown,AMD,,,
1844,AMD Ryzen 5 1600X,CPU,2017-04-11,14.0,95.0,192.0,4800.0,3600.0,GF,AMD,,,
1848,AMD Athlon 64 2000+,CPU,2008-06-01,65.0,8.0,77.0,122.0,1000.0,Unknown,AMD,,,
1850,AMD Athlon 64 3200+,CPU,2004-04-27,130.0,89.0,144.0,69.0,2200.0,Unknown,AMD,,,
1853,AMD A8-3820,CPU,2011-12-20,32.0,65.0,228.0,1178.0,2500.0,Unknown,AMD,,,
1857,AMD Ryzen 7 4800H,CPU,2020-01-06,7.0,54.0,156.0,9800.0,2900.0,TSMC,AMD,,,
1858,AMD Ryzen 5 2500X,CPU,2018-10-01,12.0,65.0,192.0,4800.0,3600.0,GF,AMD,,,
1862,AMD Phenom X4 9850B,CPU,2008-08-15,65.0,95.0,285.0,450.0,2500.0,Unknown,AMD,,,
1865,AMD Athlon 64 X2 4400+,CPU,2006-12-05,65.0,65.0,126.0,154.0,2300.0,Unknown,AMD,,,
1867,AMD Phenom X3 8650,CPU,2008-04-23,65.0,95.0,285.0,450.0,2300.0,Unknown,AMD,,,
1868,AMD Opteron 246,CPU,2003-08-05,130.0,89.0,193.0,106.0,2000.0,Unknown,AMD,,,
1869,AMD Athlon Silver 3050GE,CPU,2020-07-21,12.0,35.0,,,3400.0,GF,AMD,,,
1872,AMD Athlon II X4 645,CPU,2010-09-21,45.0,95.0,169.0,300.0,3100.0,Unknown,AMD,,,
1874,AMD A10-5750M,CPU,2013-06-01,32.0,35.0,246.0,1178.0,2500.0,Unknown,AMD,,,
1878,AMD EPYC 7713P,CPU,2021-03-15,7.0,225.0,,,2000.0,TSMC,AMD,,,
1879,AMD EPYC 7351P,CPU,2017-06-29,14.0,170.0,213.0,4800.0,2400.0,GF,AMD,,,
1881,AMD Sempron 3300+,CPU,2001-01-01,130.0,62.0,101.0,63.0,2200.0,Unknown,AMD,,,
1882,AMD Athlon XP 1500+,CPU,2001-10-09,180.0,60.0,150.0,63.0,1333.0,Unknown,AMD,,,
1886,AMD Sempron X2 2300,CPU,2008-03-01,65.0,65.0,118.0,221.0,2200.0,Unknown,AMD,,,
1887,AMD Opteron X2 865,CPU,2005-09-26,90.0,95.0,,233.0,1800.0,Unknown,AMD,,,
1889,AMD A8-5500,CPU,2012-10-02,32.0,65.0,246.0,1178.0,3200.0,Unknown,AMD,,,
1890,AMD Phenom II X3 720,CPU,2010-01-01,45.0,95.0,258.0,758.0,2800.0,Unknown,AMD,,,
1895,AMD EPYC 7453,CPU,2021-03-15,7.0,225.0,,,2750.0,TSMC,AMD,,,
1896,AMD Ryzen Threadripper PRO 3975WX,CPU,2020-07-14,7.0,280.0,74.0,3800.0,3500.0,TSMC,AMD,,,
1897,AMD Ryzen Threadripper PRO 3945WX,CPU,2020-07-14,7.0,280.0,74.0,3800.0,4000.0,TSMC,AMD,,,
1903,AMD Athlon 64 X2 6400+ BE,CPU,2007-08-20,90.0,125.0,230.0,227.0,3200.0,Unknown,AMD,,,
1908,AMD Opteron 844,CPU,2004-05-18,130.0,82.0,193.0,106.0,1800.0,Unknown,AMD,,,
1909,AMD Athlon 64 LE-1600,CPU,2007-10-08,90.0,45.0,230.0,227.0,2200.0,Unknown,AMD,,,
1910,AMD Athlon 64 3400+,CPU,2004-04-27,130.0,89.0,144.0,69.0,2200.0,Unknown,AMD,,,
1912,AMD Ryzen 7 PRO 2700X,CPU,2018-09-19,12.0,95.0,192.0,4800.0,3600.0,GF,AMD,,,
1913,AMD A6-4455M,CPU,2012-05-15,32.0,17.0,246.0,1178.0,2100.0,Unknown,AMD,,,
1915,AMD EPYC 75F3,CPU,2021-03-15,7.0,280.0,,,2950.0,TSMC,AMD,,,
1916,AMD EPYC 7343,CPU,2021-03-15,7.0,190.0,,,3200.0,TSMC,AMD,,,
1917,AMD Z-60,CPU,2012-10-09,40.0,5.0,,,1000.0,Unknown,AMD,,,
1918,AMD Phenom X4 9950 BE (140W),CPU,2008-03-27,65.0,140.0,285.0,450.0,2600.0,Unknown,AMD,,,
1919,AMD Athlon 64 X2 3800+,CPU,2006-05-23,90.0,89.0,220.0,154.0,2000.0,Unknown,AMD,,,
1920,AMD Ryzen Embedded V1756B,CPU,2018-02-21,14.0,45.0,210.0,4950.0,3250.0,GF,AMD,,,
1921,AMD Turion 64 ML-32,CPU,2005-03-10,90.0,35.0,125.0,114.0,1800.0,Unknown,AMD,,,
1923,AMD Ryzen 7 PRO 4750G,CPU,2020-07-21,7.0,65.0,,,3600.0,TSMC,AMD,,,
1926,AMD Sempron 180,CPU,2010-09-01,45.0,45.0,117.0,234.0,2400.0,Unknown,AMD,,,
1927,AMD Athlon XP 2200+,CPU,2003-09-01,130.0,63.0,,63.0,1800.0,Unknown,AMD,,,
1928,AMD Opteron 840,CPU,2003-06-30,130.0,85.0,193.0,106.0,1400.0,Unknown,AMD,,,
1929,AMD Athlon II X2 215,CPU,2009-10-20,45.0,65.0,117.0,410.0,2700.0,Unknown,AMD,,,
1931,AMD EPYC 7401,CPU,2017-06-29,14.0,170.0,213.0,4800.0,2000.0,GF,AMD,,,
1932,AMD Athlon 64 3200+,CPU,2001-01-01,90.0,59.0,84.0,69.0,2200.0,Unknown,AMD,,,
1936,AMD Phenom X3 8750,CPU,2008-04-23,65.0,95.0,285.0,450.0,2400.0,Unknown,AMD,,,
1938,AMD A4-5050,CPU,2014-02-01,32.0,15.0,246.0,1178.0,1500.0,Unknown,AMD,,,
1939,AMD Athlon 64 X2 5200+ EE,CPU,2006-09-06,90.0,65.0,220.0,154.0,2600.0,Unknown,AMD,,,
1940,AMD Athlon 240GE,CPU,2018-12-21,14.0,35.0,192.0,4800.0,3500.0,Unknown,AMD,,,
1944,AMD Athlon 64 4000+,CPU,2004-10-19,130.0,89.0,193.0,106.0,2400.0,Unknown,AMD,,,
1945,AMD Athlon X2 BE-2350,CPU,2007-10-08,65.0,45.0,126.0,154.0,2100.0,Unknown,AMD,,,
1946,AMD Opteron 150,CPU,2005-08-02,90.0,85.0,,106.0,2400.0,Unknown,AMD,,,
1947,AMD Athlon II X4 620e,CPU,2011-05-03,45.0,45.0,169.0,300.0,2600.0,Unknown,AMD,,,
1953,AMD Ryzen 7 5800X,CPU,2020-11-05,7.0,105.0,,,3800.0,TSMC,AMD,,,
1954,AMD Athlon 64 2650e,CPU,2009-01-01,65.0,15.0,77.0,122.0,1600.0,Unknown,AMD,,,
1955,AMD Phenom II X3 B77,CPU,2010-05-11,45.0,95.0,258.0,758.0,3200.0,Unknown,AMD,,,
1957,AMD Opteron 852,CPU,2005-02-14,90.0,92.0,,106.0,2600.0,Unknown,AMD,,,
1958,AMD Sempron 3000+,CPU,2005-10-01,90.0,62.0,84.0,63.0,1800.0,Unknown,AMD,,,
1959,AMD A6-5400K,CPU,2012-10-02,32.0,65.0,246.0,1178.0,3600.0,Unknown,AMD,,,
1961,AMD Athlon 1000,CPU,2000-06-05,180.0,54.0,120.0,37.0,1000.0,Unknown,AMD,,,
1963,AMD Sempron 3300+,CPU,2005-04-01,90.0,62.0,84.0,63.0,2000.0,Unknown,AMD,,,
1965,AMD Athlon 64 X2 5000+,CPU,2006-12-05,65.0,65.0,126.0,154.0,2600.0,Unknown,AMD,,,
1966,AMD Sempron 3600+,CPU,2006-05-23,90.0,62.0,103.0,81.0,2000.0,Unknown,AMD,,,
1968,AMD Opteron 154,CPU,2005-08-02,90.0,104.0,,106.0,2800.0,Unknown,AMD,,,
1971,AMD Athlon 64 3800+,CPU,2007-02-20,90.0,62.0,230.0,227.0,2400.0,Unknown,AMD,,,
1976,AMD Athlon II X3 460,CPU,2011-05-03,45.0,95.0,169.0,300.0,3400.0,Unknown,AMD,,,
1983,AMD Phenom II X6 1065T,CPU,2010-12-07,45.0,125.0,346.0,904.0,2900.0,Unknown,AMD,,,
1986,AMD Phenom II X2 550,CPU,2009-11-04,45.0,80.0,258.0,758.0,3100.0,Unknown,AMD,,,
1992,AMD Phenom II X4 955 (95W),CPU,2009-04-01,45.0,95.0,258.0,758.0,3200.0,Unknown,AMD,,,
1993,AMD Opteron X2 265 HE,CPU,2005-08-01,90.0,55.0,,233.0,1800.0,Unknown,AMD,,,
1994,AMD A8-3500M,CPU,2011-06-14,32.0,35.0,228.0,1178.0,1500.0,Unknown,AMD,,,
1997,AMD EPYC 7513,CPU,2021-03-15,7.0,200.0,,,2600.0,TSMC,AMD,,,
1998,AMD Ryzen Threadripper 2950X,CPU,2018-08-13,12.0,180.0,213.0,19200.0,3500.0,GF,AMD,,,
2000,AMD A8-6600K,CPU,2013-06-01,32.0,100.0,246.0,1178.0,3900.0,Unknown,AMD,,,
2001,AMD A8-3800,CPU,2011-06-30,32.0,65.0,228.0,1178.0,2400.0,Unknown,AMD,,,
2002,AMD Athlon XP 3200+,CPU,2001-01-01,130.0,77.0,101.0,63.0,2200.0,Unknown,AMD,,,
2004,AMD Athlon 64 2600+,CPU,2008-01-01,65.0,15.0,77.0,122.0,1600.0,Unknown,AMD,,,
2008,AMD Athlon 650,CPU,2000-06-05,180.0,38.0,120.0,37.0,650.0,Unknown,AMD,,,
2009,AMD Sempron 3100+,CPU,2004-07-28,130.0,62.0,144.0,63.0,1800.0,Unknown,AMD,,,
2010,AMD FX-6330,CPU,2015-12-15,32.0,125.0,315.0,1200.0,3600.0,Unknown,AMD,,,
2011,AMD Athlon 64 FX-53,CPU,2004-06-01,130.0,89.0,193.0,105.0,2400.0,Unknown,AMD,,,
2012,AMD Turion X2 Ultra ZM-86,CPU,2008-06-01,65.0,35.0,,,2400.0,Unknown,AMD,,,
2020,AMD Athlon X4 940,CPU,2017-07-27,28.0,65.0,246.0,1178.0,3200.0,Unknown,AMD,,,
2021,AMD Athlon XP 1700+,CPU,2001-10-09,180.0,64.0,150.0,37.0,1467.0,Unknown,AMD,,,
2022,AMD Opteron 254,CPU,2005-08-01,90.0,92.0,,106.0,2800.0,Unknown,AMD,,,
2029,AMD Sempron LE-1200,CPU,2007-08-01,65.0,45.0,,,2100.0,Unknown,AMD,,,
2032,AMD FX-8120,CPU,2011-10-12,32.0,125.0,315.0,1200.0,3100.0,Unknown,AMD,,,
2033,AMD Ryzen 5 4500U,CPU,2020-01-06,7.0,25.0,156.0,9800.0,2300.0,TSMC,AMD,,,
2039,AMD A6-6400K,CPU,2013-06-01,32.0,65.0,246.0,1178.0,3900.0,Unknown,AMD,,,
2041,AMD Athlon 64 FX-55,CPU,2004-10-10,130.0,104.0,193.0,105.0,2600.0,Unknown,AMD,,,
2042,AMD A4-3330MX,CPU,2011-12-20,32.0,45.0,228.0,1178.0,2200.0,Unknown,AMD,,,
2044,AMD Phenom II X4 955 BE,CPU,2009-04-23,45.0,125.0,258.0,758.0,3200.0,Unknown,AMD,,,
2045,AMD Opteron 142,CPU,2003-06-30,130.0,85.0,193.0,106.0,1600.0,Unknown,AMD,,,
2046,AMD Opteron 240,CPU,2003-04-22,130.0,85.0,193.0,106.0,1400.0,Unknown,AMD,,,
2047,AMD Sempron 2200+,CPU,2004-07-28,130.0,62.0,80.0,37.0,1500.0,Unknown,AMD,,,
2051,AMD EPYC 7282,CPU,2019-08-07,7.0,120.0,74.0,3800.0,2800.0,TSMC,AMD,,,
2053,AMD Athlon 64 X2 5200+,CPU,2007-10-08,65.0,65.0,126.0,154.0,2700.0,Unknown,AMD,,,
2054,AMD Athlon 64 4000+,CPU,2005-08-16,130.0,62.0,,105.0,2600.0,Unknown,AMD,,,
2058,AMD Ryzen 7 3800X,CPU,2019-07-07,7.0,105.0,74.0,3800.0,3900.0,TSMC,AMD,,,
2060,AMD Athlon 1000,CPU,2000-10-31,180.0,54.0,120.0,37.0,1000.0,Unknown,AMD,,,
2063,AMD EPYC 7663,CPU,2021-03-15,7.0,240.0,,,2000.0,TSMC,AMD,,,
2066,AMD Athlon XP 2800+,CPU,2002-10-01,130.0,74.0,80.0,37.0,2250.0,Unknown,AMD,,,
2067,AMD Ryzen 7 PRO 1700X,CPU,2017-06-29,14.0,95.0,192.0,4800.0,3400.0,GF,AMD,,,
2071,AMD Athlon 64 3700+,CPU,2004-05-04,90.0,89.0,115.0,105.0,2200.0,Unknown,AMD,,,
2072,AMD Ryzen 5 3550H,CPU,2019-01-06,12.0,35.0,210.0,4940.0,2100.0,GF,AMD,,,
2073,AMD Athlon XP 2600+,CPU,2003-09-01,130.0,68.0,,63.0,2133.0,Unknown,AMD,,,
2075,AMD Ryzen 7 2700E,CPU,2018-09-19,12.0,65.0,192.0,4800.0,2800.0,GF,AMD,,,
2079,AMD EPYC 7302P,CPU,2019-08-07,7.0,155.0,74.0,3800.0,3000.0,TSMC,AMD,,,
2081,AMD Athlon II X4 651K,CPU,2011-11-14,32.0,100.0,228.0,1178.0,3000.0,Unknown,AMD,,,
2083,AMD A8-4555M,CPU,2012-09-27,32.0,19.0,246.0,1178.0,1600.0,Unknown,AMD,,,
2084,AMD Athlon XP 2700+,CPU,2002-10-01,130.0,68.0,80.0,37.0,2167.0,Unknown,AMD,,,
2086,AMD Athlon XP 2100+,CPU,2001-01-01,130.0,62.0,80.0,37.0,1733.0,Unknown,AMD,,,
2087,AMD Opteron 4310 EE,CPU,2012-12-04,32.0,35.0,315.0,1200.0,2200.0,Unknown,AMD,,,
2088,AMD Phenom II X4 955 (125W),CPU,2009-04-01,45.0,125.0,258.0,758.0,3200.0,Unknown,AMD,,,
2090,AMD Phenom X4 9850 (125W),CPU,2008-07-01,65.0,125.0,285.0,450.0,2500.0,Unknown,AMD,,,
2092,AMD Athlon 64 FX-55,CPU,2004-10-10,90.0,104.0,115.0,114.0,2600.0,Unknown,AMD,,,
2094,AMD Opteron 246,CPU,2004-12-01,90.0,85.0,,106.0,2000.0,Unknown,AMD,,,
2095,AMD A6-3420M,CPU,2011-12-20,32.0,35.0,228.0,1178.0,1500.0,Unknown,AMD,,,
2101,AMD Athlon 64 3400+,CPU,2005-04-14,130.0,83.0,,105.0,2200.0,Unknown,AMD,,,
2102,AMD Opteron 846,CPU,2003-09-09,130.0,89.0,193.0,106.0,2000.0,Unknown,AMD,,,
2107,AMD Ryzen Threadripper 3960X,CPU,2019-11-25,7.0,280.0,74.0,3800.0,3800.0,TSMC,AMD,,,
2109,AMD Athlon 64 X2 5000+,CPU,2006-05-23,90.0,89.0,220.0,154.0,2600.0,Unknown,AMD,,,
2110,AMD FX-8300,CPU,2012-10-23,32.0,95.0,315.0,1200.0,3300.0,Unknown,AMD,,,
2111,AMD Sempron LE-1100,CPU,2007-08-01,65.0,45.0,,,1900.0,Unknown,AMD,,,
2112,AMD Phenom X3 8250e,CPU,2008-09-08,65.0,65.0,285.0,450.0,1900.0,Unknown,AMD,,,
2114,AMD Sempron 3300+,CPU,2005-07-15,90.0,25.0,,69.0,2000.0,Unknown,AMD,,,
2116,AMD EPYC 7352,CPU,2019-08-07,7.0,155.0,74.0,3800.0,2400.0,TSMC,AMD,,,
2119,AMD Athlon 64 3000+,CPU,2004-04-27,130.0,89.0,144.0,69.0,2000.0,Unknown,AMD,,,
2123,AMD Ryzen 3 3300U,CPU,2019-01-06,12.0,15.0,210.0,4940.0,2100.0,GF,AMD,,,
2125,AMD Athlon 64 X2 3800+,CPU,2005-08-01,90.0,89.0,156.0,154.0,2000.0,Unknown,AMD,,,
2127,AMD Ryzen 5 4600H,CPU,2020-01-06,7.0,54.0,156.0,9800.0,3000.0,TSMC,AMD,,,
2128,AMD Ryzen 3 PRO 2300U,CPU,2019-01-08,14.0,15.0,246.0,,2000.0,GF,AMD,,,
2129,AMD E-240,CPU,2011-01-04,40.0,18.0,75.0,,1500.0,Unknown,AMD,,,
2131,AMD Opteron 142,CPU,2003-09-09,130.0,82.0,193.0,106.0,1600.0,Unknown,AMD,,,
2136,AMD Athlon 64 3000+,CPU,2005-04-04,90.0,67.0,83.0,69.0,1800.0,Unknown,AMD,,,
2140,AMD Sempron 3500+,CPU,2006-05-23,90.0,62.0,103.0,81.0,2000.0,Unknown,AMD,,,
2141,AMD Opteron 844,CPU,2003-09-09,130.0,82.0,193.0,106.0,1800.0,Unknown,AMD,,,
2144,AMD Sempron 3000+,CPU,2005-04-01,90.0,62.0,84.0,63.0,1800.0,Unknown,AMD,,,
2146,AMD Ryzen 9 5980HS,CPU,2021-01-12,7.0,35.0,156.0,9800.0,3000.0,TSMC,AMD,,,
2147,AMD Opteron 140,CPU,2003-06-30,130.0,85.0,193.0,106.0,1400.0,Unknown,AMD,,,
2149,AMD FX-4300,CPU,2012-10-23,32.0,95.0,315.0,1200.0,3800.0,Unknown,AMD,,,
2150,AMD Opteron 148,CPU,2005-08-02,90.0,85.0,,106.0,2200.0,Unknown,AMD,,,
2151,AMD EPYC 7351,CPU,2017-06-29,14.0,170.0,213.0,4800.0,2400.0,GF,AMD,,,
2154,AMD Ryzen 7 2700X 50th Anniversary,CPU,2019-04-29,12.0,105.0,192.0,4800.0,3700.0,GF,AMD,,,
2157,AMD Athlon II X2 210e,CPU,2010-09-21,45.0,45.0,117.0,410.0,2600.0,Unknown,AMD,,,
2163,AMD Opteron A1170,CPU,2016-01-14,28.0,32.0,,,2000.0,Unknown,AMD,,,
2166,AMD EPYC 7643,CPU,2021-03-15,7.0,225.0,,,2300.0,TSMC,AMD,,,
2167,AMD Phenom II X4 945 (125W),CPU,2009-04-23,45.0,125.0,258.0,758.0,3000.0,Unknown,AMD,,,
2168,AMD Ryzen 3 2200U,CPU,2018-01-08,14.0,15.0,246.0,,2500.0,GF,AMD,,,
2169,AMD Turion 64 ML-30,CPU,2005-03-10,90.0,35.0,125.0,114.0,1600.0,Unknown,AMD,,,
2172,AMD Opteron X2 270,CPU,2005-05-31,90.0,95.0,,233.0,2000.0,Unknown,AMD,,,
2176,AMD Opteron 4332 HE,CPU,2012-12-04,32.0,65.0,315.0,1200.0,3000.0,Unknown,AMD,,,
2177,AMD Opteron 854,CPU,2005-08-01,90.0,92.0,,106.0,2800.0,Unknown,AMD,,,
2180,AMD EPYC 7262,CPU,2019-08-07,7.0,155.0,74.0,3800.0,3100.0,TSMC,AMD,,,
2182,AMD Athlon XP 2600+ DTR,CPU,2001-01-01,130.0,68.0,101.0,63.0,1917.0,Unknown,AMD,,,
2186,AMD Sempron 3000+,CPU,2005-07-15,90.0,62.0,,69.0,1800.0,Unknown,AMD,,,
2188,AMD Ryzen 9 4900H,CPU,2020-03-16,7.0,54.0,156.0,9800.0,3300.0,TSMC,AMD,,,
2190,AMD Opteron 246,CPU,2004-12-01,90.0,85.0,,106.0,2000.0,Unknown,AMD,,,
2191,AMD Athlon 64 X2 5000+ EE,CPU,2007-02-01,90.0,65.0,220.0,154.0,2600.0,Unknown,AMD,,,
