Architecture,Best_Resolution,Boost_Clock,Core_Speed,DVI_Connection,Dedicated,Direct_X,DisplayPort_Connection,HDMI_Connection,Integrated,L2_Cache,Manufacturer,Max_Power,Memory,Memory_Bandwidth,Memory_Bus,Memory_Speed,Memory_Type,GPUname,Notebook_GPU,Open_GL,PSU,Pixel_Rate,Power_Connector,Process,ROPs,Release_Date,Release_Price,Resolution_WxH,SLI_Crossfire,Shader,TMUs,Texture_Rate,VGA_Connection,Unnamed: 0,Type,Release Date,Process Size (nm),TDP (W),Die Size (mm^2),Transistors (million),Freq (MHz),Foundry,Vendor,FP16 GFLOPS,FP32 GFLOPS,FP64 GFLOPS
Pitcairn XT GL ,1920 x 1080,,"
- ",0.0,Yes,DX 11.2,,0.0,No,0KB,AMD,150 Watts,2048 MB ,160GB/sec,256 Bit ,1250 MHz,GDDR5,firepro d300,No,4.3,500 Watt & 20 Amps,25 GPixel/s,None ,28nm,32,"
18-Jan-2014 ",,4096x2160,Yes,5.0,80.0,62 GTexel/s,0.0,2980,GPU,2014-01-18,28.0,150.0,212.0,2800.0,850.0,TSMC,AMD,,2176.0,136.0
GCN 2.0 Hawaii XT GL ,2560 x 1600,,"
- ",0.0,Yes,DX 11.2,,0.0,No,1024KB,AMD,290 Watts,16384 MB ,320GB/sec,512 Bit ,1250 MHz,GDDR5,firepro w9100,No,4.4,750 Watt & 42 Amps,60 GPixel/s,None ,28nm,64,"
26-Mar-2014 ",,4096x2160,Yes,5.0,176.0,164 GTexel/s,0.0,3031,GPU,2014-03-26,28.0,275.0,438.0,6200.0,930.0,TSMC,AMD,,5238.0,2619.0
Tahiti Pro ,,,"
- ",0.0,Yes,DX 11.1,,0.0,No,0KB,AMD,225 Watts,4096 MB ,176GB/sec,256 Bit ,1375 MHz,GDDR5,firepro w8000,No,4.2,,,None ,,,"
14-Jun-2012 ",,4096x2160,Yes,5.0,,,0.0,4386,GPU,2012-06-14,28.0,225.0,352.0,4313.0,900.0,TSMC,AMD,,3226.0,806.4
Pitcairn LE ,,,"
- ",1.0,Yes,DX 11.1,,0.0,No,0KB,AMD,75 Watts,2048 MB ,102.4GB/sec,256 Bit ,800 MHz,GDDR5,firepro w5000,No,4.2,,,None ,,,"
01-Aug-2012 ",,4096x2160,Yes,5.0,,,0.0,4356,GPU,2012-08-07,28.0,75.0,212.0,2800.0,825.0,TSMC,AMD,,1267.0,79.2
Tahiti XT ,1920 x 1080,,"
- ",0.0,Yes,DX 11.1,,0.0,No,0KB,AMD,274 Watts,6144 MB ,264GB/sec,384 Bit ,1375 MHz,GDDR5,firepro w9000,No,4.2,600 Watt & 42 Amps,31 GPixel/s,None ,28nm,32,"
01-Aug-2012 ",,4096x2160,Yes,5.0,128.0,125 GTexel/s,0.0,3411,GPU,2012-06-14,28.0,274.0,352.0,4313.0,975.0,TSMC,AMD,,3994.0,998.4
Pitcairn XT ,,,"
- ",0.0,Yes,DX 11.1,,0.0,No,0KB,AMD,150 Watts,4096 MB ,153.6GB/sec,256 Bit ,1200 MHz,GDDR5,firepro w7000,No,4.2,,30 GPixel/s,None ,28nm,32,"
13-Jun-2012 ",,4096x2160,Yes,5.0,80.0,76 GTexel/s,0.0,4084,GPU,2012-06-13,28.0,150.0,212.0,2800.0,950.0,TSMC,AMD,,2432.0,152.0
Cayman Pro GL ,,,"
- ",0.0,Yes,DX 11,,0.0,No,0KB,AMD,150 Watts,2048 MB ,160GB/sec,256 Bit ,1250 MHz,GDDR5,firepro v7900,No,4.1,,,None ,,,"
24-May-2011 ",,2560x1600,Yes,5.0,,,0.0,4696,GPU,2011-05-24,40.0,150.0,389.0,2640.0,725.0,TSMC,AMD,,1856.0,464.0
GCN 1.1 Oland PRO ,1366 x 768,680 MHz ,630 MHz,0.0,Yes,DX 12.0,,0.0,No,512KB,AMD,26 Watts,2048 MB ,28.8GB/sec,128 Bit ,900 MHz,DDR3,firepro w2100,No,4.4,350 Watt & 26 Amps,5 GPixel/s,None ,28nm,8,"
12-Aug-2014 ",,4096x2160,No,5.0,20.0,14 GTexel/s,0.0,3010,GPU,2014-08-12,28.0,26.0,77.0,950.0,630.0,TSMC,AMD,,435.2,27.2
Cayman LE GL ,,,"
- ",1.0,Yes,DX 11,,0.0,No,0KB,AMD,75 Watts,2048 MB ,128GB/sec,256 Bit ,1000 MHz,GDDR5,firepro v5900,No,4.1,400 Watt,19 GPixel/s,None ,40nm,32,"
24-May-2011 ",,2560x1600,Yes,5.0,32.0,19 GTexel/s,0.0,4705,GPU,2011-05-24,40.0,75.0,389.0,2640.0,600.0,TSMC,AMD,,614.4,153.6
GCN 2.0 Hawaii XT GL ,5760 x 1600,,"
- ",0.0,Yes,DX 11.2,,0.0,No,1024KB,AMD,235 Watts,16384 MB ,320GB/sec,512 Bit ,1250 MHz,GDDR5,firepro s9150,No,4.2,,58 GPixel/s,1x 6-pin + 1x 8-pin ,28nm,64,"
01-Aug-2014 ",,4096x2160,Yes,5.0,176.0,158 GTexel/s,0.0,3910,GPU,2014-08-07,28.0,235.0,438.0,6200.0,900.0,TSMC,AMD,,5069.0,2534.0
GCN 1.0 Tahiti PRO GL ,2560 x 1600,,900 MHz,0.0,Yes,DX 12.0,,0.0,No,768KB,AMD,225 Watts,12288 MB ,264GB/sec,384 Bit ,1375 MHz,GDDR5,firepro s9050,No,4.4,,29 GPixel/s,1x 6-pin + 1x 8-pin ,28nm,32,"
01-Aug-2014 ",,4096x2160,Yes,5.0,112.0,101 GTexel/s,0.0,3623,GPU,2014-08-07,28.0,225.0,352.0,4313.0,900.0,TSMC,AMD,,3226.0,806.4
GCN 1.0 Tahiti PRO GL ,,,900 MHz,0.0,Yes,DX 12.0,,0.0,No,768KB,AMD,225 Watts,6144 MB ,264GB/sec,384 Bit ,1375 MHz,GDDR5,firepro s9000,No,4.4,,29 GPixel/s,1x 6-pin + 1x 8-pin ,28nm,32,"
01-Aug-2012 ",,4096x2160,Yes,5.0,112.0,101 GTexel/s,0.0,3081,GPU,2012-08-24,28.0,225.0,352.0,4313.0,900.0,TSMC,AMD,,3226.0,806.4
Pitcairn XT ,,,"
- ",0.0,Yes,DX 11.1,,0.0,No,0KB,AMD,150 Watts,4096 MB ,153.6GB/sec,256 Bit ,1200 MHz,GDDR5,firepro s7000,No,4.2,,,None ,,,"
01-Aug-2012 ",,4096x2160,No,5.0,,,0.0,4723,GPU,2012-08-27,28.0,150.0,212.0,2800.0,950.0,TSMC,AMD,,2432.0,152.0
Tahiti XT GL ,1920 x 1080,,"
- ",0.0,Yes,DX 11.2,,0.0,No,0KB,AMD,274 Watts,3072 MB ,264GB/sec,384 Bit ,1375 MHz,GDDR5,firepro d700,No,4.3,500 Watt & 40 Amps,27 GPixel/s,None ,28nm,32,"
18-Jan-2014 ",,4096x2160,Yes,5.0,128.0,109 GTexel/s,0.0,2952,GPU,2014-01-18,28.0,274.0,352.0,4313.0,850.0,TSMC,AMD,,3482.0,870.4
Tahiti LE ,1920 x 1080,,"
- ",0.0,Yes,DX 11.1,,0.0,No,0KB,AMD,175 Watts,3072 MB ,240GB/sec,384 Bit ,1250 MHz,GDDR5,firepro d500,No,4.2,500 Watt & 26 Amps,23 GPixel/s,None ,28nm,32,"
18-Jan-2014 ",,4096x2160,Yes,5.0,96.0,70 GTexel/s,0.0,4098,GPU,2014-01-18,28.0,274.0,352.0,4313.0,725.0,TSMC,AMD,,2227.0,556.8
Turks ,1366 x 768,,"
- ",1.0,Yes,DX 11,,0.0,No,0KB,AMD,75 Watts,1024 MB ,28.8GB/sec,128 Bit ,900 MHz,DDR3,firepro v3900,No,4.2,350 Watt & 20 Amps,5 GPixel/s,None ,40nm,8,"
01-Feb-2012 ",,2560x1600,No,5.0,24.0,16 GTexel/s,0.0,4441,GPU,2012-02-07,40.0,50.0,118.0,716.0,650.0,TSMC,AMD,,624.0,
RV870 ,,,"
- ",0.0,Yes,DX 11,,0.0,No,0KB,AMD,225 Watts,4096 MB ,153.6GB/sec,256 Bit ,1200 MHz,GDDR5,firestream 9370,No,4.0,,,None ,,,"
23-Jun-2010 ",,2560x1600,No,5.0,,,0.0,3839,GPU,2010-06-23,40.0,225.0,334.0,2154.0,825.0,TSMC,AMD,,2640.0,528.0
GCN 1.0 Tahiti PRO ,,,825 MHz,1.0,Yes,DX 12.0,,0.0,No,768KB,AMD,375 Watts,6144 MB ,240GB/sec,384 Bit ,1250 MHz,GDDR5,firepro s10000,No,4.4,750 Watt & 46 Amps,53 GPixel/s,None ,28nm,64,"
01-Nov-2012 ",,4096x2160,Yes,5.0,224.0,185 GTexel/s,0.0,3015,GPU,2012-11-12,28.0,375.0,352.0,4313.0,825.0,TSMC,AMD,,3405.0,851.2
RV770 ,1600 x 900,,"
- ",1.0,Yes,DX 10.1,,0.0,No,0KB,AMD,160 Watts,2048 MB ,108.8GB/sec,256 Bit ,850 MHz,GDDR5,firestream 9270,No,3.0,600 Watt & 42 Amps,12 GPixel/s,None ,55nm,16,"
13-Nov-2008 ",,2560x1600,No,4.0,40.0,30 GTexel/s,0.0,3141,GPU,2008-11-13,55.0,160.0,256.0,956.0,750.0,TSMC,AMD,,1200.0,240.0
RV870 ,1920 x 1080,,"
- ",1.0,Yes,DX 11,,0.0,No,0KB,AMD,150 Watts,2048 MB ,128GB/sec,256 Bit ,1000 MHz,GDDR5,firestream 9350,No,4.0,500 Watt & 40 Amps,22 GPixel/s,None ,55nm,32,"
01-Jun-2010 ",,2560x1600,No,5.0,72.0,50 GTexel/s,0.0,4689,GPU,2010-06-01,40.0,150.0,334.0,2154.0,700.0,TSMC,AMD,,2016.0,403.2
RV670 ,1366 x 768,,"
- ",2.0,Yes,DX 10.1,,0.0,No,0KB,AMD,105 Watts,2048 MB ,51.2GB/sec,256 Bit ,800 MHz,GDDR3,firestream 9170,No,3.0,500 Watt & 33 Amps,13 GPixel/s,None ,55nm,16,"
08-Nov-2007 ",,2560x1600,No,4.0,16.0,13 GTexel/s,0.0,2921,GPU,2007-11-08,55.0,105.0,192.0,666.0,800.0,TSMC,AMD,,512.0,102.4
RV770 ,1600 x 900,,"
- ",1.0,Yes,DX 10.1,,0.0,No,0KB,AMD,150 Watts,1024 MB ,63.6GB/sec,256 Bit ,993 MHz,GDDR3,firestream 9250,No,3.0,500 Watt & 33 Amps,10 GPixel/s,None ,55nm,16,"
16-Jun-2008 ",,2560x1600,No,4.0,40.0,25 GTexel/s,0.0,3117,GPU,2008-06-16,55.0,150.0,256.0,956.0,625.0,TSMC,AMD,,1000.0,200.0
GCN 1.1 Neptune XT ,1920 x 1080,900 MHz ,850 MHz,,Yes,DX 12.0,,,No,512KB,AMD,100 Watts,4096 MB ,153.6GB/sec,256 Bit ,1200 MHz,GDDR5,radeon r9 m290x,Yes,4.4,,29 GPixel/s,,28nm,32,"
09-Jan-2014 ",,4096x2160,Yes,5.0,80.0,72 GTexel/s,,4255,GPU,2014-01-09,28.0,100.0,212.0,2800.0,850.0,TSMC,AMD,,2304.0,144.0
GCN 1.1 Neptune XT ,1920 x 1080,900 MHz ,850 MHz,,Yes,DX 12.0,,,No,512KB,AMD,100 Watts,2048 MB ,153.6GB/sec,256 Bit ,1200 MHz,GDDR5,radeon hd 8970m,Yes,4.4,,29 GPixel/s,,28nm,32,"
14-May-2013 ",,4096x2160,Yes,5.0,80.0,72 GTexel/s,,2994,GPU,2013-05-14,28.0,100.0,212.0,2800.0,850.0,TSMC,AMD,,2304.0,144.0
GCN 1.1 Venus XT ,1600 x 900,775 MHz ,"
- ",,Yes,DX 11.1,,,No,256KB,AMD,50 Watts,2048 MB ,72GB/sec,128 Bit ,1125 MHz,GDDR5,radeon hd 8870m,Yes,4.2,,12 GPixel/s,,28nm,16,"
01-Apr-2013 ",,2560x1600,Yes,5.0,40.0,31 GTexel/s,,3342,GPU,2013-04-01,28.0,,123.0,1500.0,725.0,TSMC,AMD,,992.0,62.0
GCN 1.1 Mars XTX ,1600 x 900,900 MHz ,850 MHz,,Yes,DX 12.0,,,No,256KB,AMD,35 Watts,2048 MB ,64GB/sec,128 Bit ,1000 MHz,GDDR5,radeon hd 8790m,Yes,4.4,,7 GPixel/s,,28nm,8,"
01-Apr-2013 ",,2560x1600,Yes,5.0,24.0,22 GTexel/s,,2284,GPU,2013-04-01,28.0,,77.0,950.0,850.0,TSMC,AMD,,691.2,43.2
GCN 1.1 Venus LE ,1366 x 768,625 MHz ,"
- ",,Yes,DX 11.1,,,No,256KB,AMD,35 Watts,2048 MB ,32GB/sec,128 Bit ,1000 MHz,DDR3,radeon hd 8830m,Yes,4.2,,5 GPixel/s,,28nm,8,"
01-Apr-2013 ",,2560x1600,Yes,5.0,24.0,15 GTexel/s,,4140,GPU,2013-04-01,28.0,,123.0,1500.0,575.0,TSMC,AMD,,800.0,50.0
GCN 1.1 Mars XT ,1600 x 900,825 MHz ,775 MHz,,Yes,DX 12.0,,,No,256KB,AMD,20 Watts,2048 MB ,72GB/sec,128 Bit ,1125 MHz,GDDR5,radeon hd 8770m,Yes,4.4,,7 GPixel/s,,28nm,8,"
01-Apr-2013 ",,2560x1600,Yes,5.0,24.0,20 GTexel/s,,3111,GPU,2013-04-01,28.0,,77.0,950.0,775.0,TSMC,AMD,,633.6,39.6
GCN 1.1 Venus PRO ,1366 x 768,775 MHz ,"
- ",,Yes,DX 11.1,,,No,256KB,AMD,45 Watts,2048 MB ,32GB/sec,128 Bit ,1000 MHz,DDR3,radeon hd 8850m,Yes,4.2,,12 GPixel/s,,28nm,16,"
01-Apr-2013 ",,4096x2160,Yes,5.0,40.0,31 GTexel/s,,3892,GPU,2013-04-01,28.0,,123.0,1500.0,575.0,TSMC,AMD,,800.0,50.0
GCN 1.1 Mars PRO ,1600 x 900,775 MHz ,620 MHz,,Yes,DX 12.0,,,No,256KB,AMD,20 Watts,2048 MB ,64GB/sec,128 Bit ,1000 MHz,GDDR5,radeon hd 8750m,Yes,4.4,,6 GPixel/s,,28nm,8,"
26-Feb-2013 ",,2560x1600,Yes,5.0,24.0,19 GTexel/s,,3286,GPU,2013-02-26,28.0,,77.0,950.0,620.0,TSMC,AMD,,595.2,37.2
GCN 1.1 Mars XT ,1366 x 768,825 MHz ,775 MHz,,Yes,DX 12.0,,,No,256KB,AMD,,1024 MB ,36GB/sec,64 Bit ,1125 MHz,GDDR5,radeon hd 8690m,Yes,4.4,,7 GPixel/s,,28nm,8,"
01-Jan-2013 ",,2560x1600,No,5.0,24.0,20 GTexel/s,,3327,GPU,2013-03-01,28.0,,56.0,690.0,775.0,TSMC,AMD,,528.0,33.0
GCN 1.1 Mars LE ,1366 x 768,700 MHz ,650 MHz,,Yes,DX 12.0,,,No,256KB,AMD,15 Watts,1024 MB ,32GB/sec,128 Bit ,1000 MHz,DDR3,radeon hd 8730m,Yes,4.4,,6 GPixel/s,,28nm,8,"
01-Apr-2013 ",,4096x2160,Yes,5.0,24.0,17 GTexel/s,,2747,GPU,2013-04-01,28.0,,77.0,950.0,650.0,TSMC,AMD,,537.6,33.6
GCN 1.1 Mars XT ,1366 x 768,825 MHz ,775 MHz,,Yes,DX 12.0,,,No,256KB,AMD,,1024 MB ,14.4GB/sec,64 Bit ,900 MHz,DDR3,radeon hd 8670m,Yes,4.4,,7 GPixel/s,,28nm,8,"
01-Mar-2013 ",,2560x1600,No,5.0,24.0,20 GTexel/s,,3984,GPU,2013-03-01,28.0,,77.0,950.0,775.0,TSMC,AMD,,633.6,
GCN 1.1 Mars XT ,1366 x 768,825 MHz ,775 MHz,,Yes,DX 12.0,,,No,256KB,AMD,,1024 MB ,14.4GB/sec,64 Bit ,900 MHz,DDR3,radeon hd 8670m,Yes,4.4,,7 GPixel/s,,28nm,8,"
01-Mar-2013 ",,2560x1600,No,5.0,24.0,20 GTexel/s,,4389,GPU,2013-03-01,28.0,,56.0,690.0,925.0,TSMC,AMD,,624.0,39.0
GCN 1.1 Sun PRO ,,700 MHz ,650 MHz,,Yes,DX 12.0,,,No,256KB,AMD,,1024 MB ,36GB/sec,64 Bit ,1125 MHz,GDDR5,radeon hd 8570m,Yes,4.4,,22 GPixel/s,,28nm,32,"
01-Jan-2013 ",,2560x1600,Yes,5.0,24.0,17 GTexel/s,,4530,GPU,2013-03-01,28.0,,56.0,690.0,750.0,TSMC,AMD,,528.0,33.0
GCN ,1366 x 768,700 MHz ,"
- ",,Yes,DX 11.1,,,No,0KB,AMD,,1024 MB ,14.4GB/sec,64 Bit ,900 MHz,DDR3,radeon hd 8550m,Yes,4.3,,22 GPixel/s,,28nm,32,"
01-Jan-2013 ",,2560x1600,No,5.0,24.0,17 GTexel/s,,3773,GPU,2014-07-13,28.0,,56.0,690.0,650.0,TSMC,AMD,,544.0,34.0
Terascale 2 Blackcomb XT ,1920 x 1080,,680 MHz,,Yes,DX 11.0,,,No,512KB,AMD,75 Watts,2048 MB ,115.2GB/sec,256 Bit ,900 MHz,GDDR5,radeon hd 6970m,Yes,4.3,,22 GPixel/s,,40nm,32,"
04-Jan-2011 ",,1600x900,Yes,5.0,48.0,33 GTexel/s,,2407,GPU,2011-01-04,40.0,75.0,212.0,1700.0,680.0,TSMC,AMD,,1306.0,
Terascale 2 Blackcomb PRO ,1680 x 1050,,580 MHz,,Yes,DX 11.0,,,No,512KB,AMD,50 Watts,1024 MB ,115.2GB/sec,256 Bit ,900 MHz,GDDR5,radeon hd 6950m,Yes,4.3,,19 GPixel/s,,40nm,32,"
04-Jan-2011 ",,2560x1600,Yes,5.0,48.0,28 GTexel/s,,3451,GPU,2011-01-04,40.0,50.0,212.0,1700.0,580.0,TSMC,AMD,,1114.0,
Terascale 2 Granville PRO ,1600 x 900,,675 MHz,,Yes,DX 11.0,,,No,256KB,AMD,50 Watts,1024 MB ,25.6GB/sec,128 Bit ,800 MHz,DDR3,radeon hd 6850m,Yes,4.3,,11 GPixel/s,,40nm,16,"
04-Jan-2011 ",,2560x1600,No,5.0,40.0,27 GTexel/s,,4352,GPU,2011-01-04,40.0,50.0,166.0,1040.0,675.0,TSMC,AMD,,1080.0,
Terascale 2 Granville LP ,1366 x 768,,575 MHz,,Yes,DX 11.0,,,No,256KB,AMD,39 Watts,2048 MB ,25.6GB/sec,128 Bit ,800 MHz,DDR3,radeon hd 6830m,Yes,4.3,,9 GPixel/s,,40nm,16,"
04-Jan-2011 ",,2560x1600,No,5.0,40.0,23 GTexel/s,,3996,GPU,2011-01-04,40.0,39.0,166.0,1040.0,575.0,TSMC,AMD,,920.0,
Terascale 2 Granville XT ,1600 x 900,,675 MHz,,Yes,DX 11.0,,,No,256KB,AMD,50 Watts,1024 MB ,64GB/sec,128 Bit ,1000 MHz,GDDR5,radeon hd 6870m,Yes,4.3,,11 GPixel/s,,40nm,16,"
04-Jan-2011 ",,2560x1600,Yes,5.0,40.0,27 GTexel/s,,3123,GPU,2011-01-04,40.0,50.0,166.0,1040.0,675.0,TSMC,AMD,,1080.0,
Terascale 2 Blackcomb XTX ,1920 x 1080,,715 MHz,,Yes,DX 11.0,,,No,512KB,AMD,100 Watts,2048 MB ,115.2GB/sec,256 Bit ,900 MHz,GDDR5,radeon hd 6990m,Yes,4.3,,23 GPixel/s,,40nm,32,"
12-Jul-2011 ",,2560x1600,Yes,5.0,56.0,40 GTexel/s,,2988,GPU,2011-07-12,40.0,100.0,212.0,1700.0,715.0,TSMC,AMD,,1602.0,
Terascale 2 Whistler XT ,1440 x 900,,725 MHz,,Yes,DX 11.0,,,No,256KB,AMD,35 Watts,1024 MB ,51.2GB/sec,128 Bit ,800 MHz,GDDR5,radeon hd 6770m,Yes,4.3,,6 GPixel/s,,40nm,8,"
04-Jan-2011 ",,2560x1600,Yes,5.0,24.0,17 GTexel/s,,3995,GPU,2011-01-04,40.0,35.0,104.0,716.0,725.0,TSMC,AMD,,696.0,
Terascale 2 Whistler PRO ,1366 x 768,,600 MHz,,Yes,DX 11.0,,,No,256KB,AMD,,1024 MB ,51.2GB/sec,128 Bit ,800 MHz,GDDR5,radeon hd 6750m,Yes,4.3,,5 GPixel/s,,40nm,8,"
04-Jan-2011 ",,2560x1600,Yes,5.0,24.0,14 GTexel/s,,3065,GPU,2011-01-04,40.0,35.0,104.0,716.0,600.0,TSMC,AMD,,576.0,
Terascale 2 Whistler LE ,1366 x 768,,600 MHz,,Yes,DX 11.0,,,No,256KB,AMD,,1024 MB ,25.6GB/sec,128 Bit ,800 MHz,DDR3,radeon hd 6650m,Yes,4.3,,5 GPixel/s,,40nm,8,"
04-Jan-2011 ",,2560x1600,Yes,5.0,24.0,14 GTexel/s,,2353,GPU,2011-01-04,40.0,,104.0,716.0,600.0,TSMC,AMD,,576.0,
Terascale 2 Capilano XT ,1440 x 900,,650 MHz,,Yes,DX 11.0,,,No,256KB,AMD,30 Watts,1024 MB ,51.2GB/sec,128 Bit ,800 MHz,GDDR5,radeon hd 6570m,Yes,4.3,,5 GPixel/s,,40nm,8,"
26-Nov-2010 ",,2560x1600,No,5.0,20.0,13 GTexel/s,,3278,GPU,2011-04-25,40.0,30.0,104.0,716.0,600.0,TSMC,AMD,,576.0,
Terascale 2 Capilano XT ,1440 x 900,,650 MHz,,Yes,DX 11.0,,,No,256KB,AMD,30 Watts,1024 MB ,51.2GB/sec,128 Bit ,800 MHz,GDDR5,radeon hd 6570m,Yes,4.3,,5 GPixel/s,,40nm,8,"
26-Nov-2010 ",,2560x1600,No,5.0,20.0,13 GTexel/s,,3330,GPU,2010-11-26,40.0,30.0,104.0,627.0,650.0,TSMC,AMD,,520.0,
Terascale 2 Whistler LE ,1366 x 768,,725 MHz,,Yes,DX 11.0,,,No,256KB,AMD,39 Watts,1024 MB ,25.6GB/sec,128 Bit ,800 MHz,DDR3,radeon hd 6730m,Yes,4.3,,6 GPixel/s,,40nm,8,"
04-Jan-2011 ",,2560x1600,Yes,5.0,24.0,17 GTexel/s,,3438,GPU,2011-01-04,40.0,35.0,104.0,716.0,725.0,TSMC,AMD,,696.0,
Terascale 2 Whistler LP ,1366 x 768,,485 MHz,,Yes,DX 11.0,,,No,256KB,AMD,26 Watts,1024 MB ,25.6GB/sec,128 Bit ,800 MHz,DDR3,radeon hd 6630m,Yes,4.3,,4 GPixel/s,,40nm,8,"
04-Jan-2011 ",,2560x1600,Yes,5.0,24.0,12 GTexel/s,,2344,GPU,2011-01-04,40.0,26.0,104.0,716.0,500.0,TSMC,AMD,,480.0,
Terascale 2 Capilano PRO ,1366 x 768,,600 MHz,,Yes,DX 11.0,,,No,256KB,AMD,26 Watts,1024 MB ,25.6GB/sec,128 Bit ,800 MHz,DDR3,radeon hd 6550m,Yes,4.3,,5 GPixel/s,,40nm,8,"
26-Nov-2010 ",,2560x1600,No,5.0,20.0,12 GTexel/s,,3130,GPU,2010-11-26,40.0,26.0,334.0,2154.0,600.0,TSMC,AMD,,480.0,
Terascale 2 Capilano PRO ,1366 x 768,,600 MHz,,Yes,DX 11.0,,,No,256KB,AMD,26 Watts,1024 MB ,25.6GB/sec,128 Bit ,800 MHz,DDR3,radeon hd 6550m,Yes,4.3,,5 GPixel/s,,40nm,8,"
26-Nov-2010 ",,2560x1600,No,5.0,20.0,12 GTexel/s,,4235,GPU,2010-11-26,40.0,26.0,104.0,627.0,600.0,TSMC,AMD,,480.0,
Terascale 2 Seymour XT ,1024 x 768,,800 MHz,,Yes,DX 11.0,,,No,128KB,AMD,11 Watts,1024 MB ,12.8GB/sec,64 Bit ,800 MHz,DDR3,radeon hd 6470m,Yes,4.3,,3 GPixel/s,,40nm,4,"
04-Jan-2011 ",,2560x1600,No,5.0,8.0,6 GTexel/s,,3646,GPU,2011-01-04,40.0,25.0,67.0,370.0,700.0,TSMC,AMD,,224.0,
Terascale 2 Seymour XTX ,1366 x 768,,750 MHz,,Yes,DX 11.0,,,No,128KB,AMD,14 Watts,512 MB ,25.6GB/sec,64 Bit ,800 MHz,GDDR5,radeon hd 6490m,Yes,4.3,,3 GPixel/s,,40nm,4,"
04-Jan-2011 ",,2560x1600,No,5.0,8.0,6 GTexel/s,,4354,GPU,2011-01-04,40.0,,67.0,370.0,800.0,TSMC,AMD,,256.0,
Terascale 2 Capilano LE ,1366 x 768,,500 MHz,,Yes,DX 11.0,,,No,256KB,AMD,26 Watts,1024 MB ,25.6GB/sec,128 Bit ,800 MHz,DDR3,radeon hd 6530m,Yes,4.3,,4 GPixel/s,,40nm,8,"
26-Nov-2010 ",,2560x1600,No,5.0,20.0,10 GTexel/s,,3997,GPU,2010-11-26,40.0,26.0,104.0,627.0,450.0,TSMC,AMD,,360.0,
Terascale 2 Seymour PRO ,1024 x 768,,600 MHz,,Yes,DX 11.0,,,No,128KB,AMD,11 Watts,1024 MB ,12.8GB/sec,64 Bit ,800 MHz,DDR3,radeon hd 6450m,Yes,4.3,,2 GPixel/s,,40nm,4,"
04-Jan-2011 ",,2560x1600,No,5.0,8.0,5 GTexel/s,,3776,GPU,2011-01-04,40.0,,67.0,370.0,600.0,TSMC,AMD,,192.0,
Terascale 2 Robson XT ,1024 x 768,,750 MHz,,Yes,DX 11.0,,,No,128KB,AMD,11 Watts,1024 MB ,12.8GB/sec,64 Bit ,800 MHz,DDR3,radeon hd 6370m,Yes,4.3,,3 GPixel/s,,40nm,4,"
26-Nov-2010 ",,2560x1600,No,5.0,8.0,6 GTexel/s,,4538,GPU,2010-11-26,40.0,11.0,59.0,292.0,750.0,TSMC,AMD,,120.0,
Terascale 2 Robson PRO ,1024 x 768,,500 MHz,,Yes,DX 11.0,,,No,128KB,AMD,7 Watts,1024 MB ,14.4GB/sec,64 Bit ,900 MHz,DDR3,radeon hd 6350m,Yes,4.3,,2 GPixel/s,,40nm,4,"
26-Nov-2010 ",,2560x1600,No,5.0,8.0,4 GTexel/s,,3936,GPU,2010-11-26,40.0,7.0,59.0,292.0,500.0,TSMC,AMD,,80.0,
Terascale 2 Seymour LE ,1024 x 768,,480 MHz,,Yes,DX 11.0,,,No,128KB,AMD,11 Watts,1024 MB ,12.8GB/sec,64 Bit ,800 MHz,DDR3,radeon hd 6430m,Yes,4.3,,2 GPixel/s,,40nm,4,"
04-Jan-2011 ",,2560x1600,No,5.0,8.0,4 GTexel/s,,2703,GPU,2011-01-04,40.0,,67.0,370.0,480.0,TSMC,AMD,,153.6,
Terascale 2 Robson LE ,,,500 MHz,,Yes,DX 11.0,,,No,128KB,AMD,7 Watts,1024 MB ,12.8GB/sec,64 Bit ,800 MHz,DDR3,radeon hd 6330m,Yes,4.3,,2 GPixel/s,,40nm,4,"
26-Nov-2010 ",,2560x1600,No,5.0,8.0,4 GTexel/s,,3940,GPU,2010-11-26,40.0,7.0,59.0,292.0,500.0,TSMC,AMD,,80.0,
Loveland ,800 x 600,,"
- ",,No,DX 11,,,Yes,0KB,AMD,9 Watts,,25.6GB/sec,128 Bit ,800 MHz,DDR3,radeon hd 6290,Yes,4.2,,2 GPixel/s,,40nm,4,"
07-Jan-2011 ",,2560x1600,No,5.0,8.0,3 GTexel/s,,3770,GPU,2011-12-04,40.0,19.0,59.0,292.0,650.0,TSMC,AMD,,104.0,
Zacate ,800 x 600,,"
- ",,No,DX 11,,,Yes,0KB,AMD,9 Watts,,,128 Bit ,,DDR3,radeon hd 6250,Yes,4.1,,1 GPixel/s,,40nm,4,"
09-Nov-2010 ",,2560x1600,No,5.0,8.0,2 GTexel/s,,4668,GPU,2011-01-31,40.0,19.0,59.0,292.0,650.0,TSMC,AMD,,104.0,
GCN 1.0 Heathrow Pro ,1600 x 900,,675 MHz,,Yes,DX 12.0,,,No,256KB,AMD,40 Watts,2048 MB ,64GB/sec,128 Bit ,1000 MHz,GDDR5,radeon hd 7850m,Yes,4.4,,11 GPixel/s,,28nm,16,"
24-Apr-2012 ",,2560x1600,Yes,5.0,40.0,27 GTexel/s,,4131,GPU,2012-04-24,28.0,40.0,123.0,1500.0,675.0,TSMC,AMD,,864.0,54.0
GCN 1.0 Heathrow XT ,1600 x 900,,800 MHz,,Yes,DX 12.0,,,No,256KB,AMD,45 Watts,2048 MB ,64GB/sec,128 Bit ,1000 MHz,GDDR5,radeon hd 7870m,Yes,4.4,,13 GPixel/s,,28nm,16,"
24-Apr-2012 ",,2560x1600,Yes,5.0,40.0,32 GTexel/s,,4401,GPU,2012-04-24,28.0,45.0,123.0,1500.0,800.0,TSMC,AMD,,1024.0,64.0
GCN 1.0 Wimbledon XT ,1920 x 1080,,850 MHz,,Yes,DX 12.0,,,No,512KB,AMD,100 Watts,2048 MB ,153.6GB/sec,256 Bit ,1200 MHz,GDDR5,radeon hd 7970m,Yes,4.4,,27 GPixel/s,,28nm,32,"
01-May-2012 ",,4096x2160,Yes,5.0,80.0,68 GTexel/s,,3570,GPU,2012-04-24,28.0,100.0,212.0,2800.0,850.0,TSMC,AMD,,2176.0,136.0
GCN 1.0 Chelsea LE ,1366 x 768,675 MHz ,575 MHz,,Yes,DX 12.0,,,No,256KB,AMD,25 Watts,2048 MB ,28.8GB/sec,128 Bit ,900 MHz,DDR3,radeon hd 7730m,Yes,4.4,,11 GPixel/s,,28nm,16,"
23-Apr-2012 ",,2560x1600,Yes,5.0,32.0,22 GTexel/s,,2347,GPU,2012-04-24,28.0,25.0,123.0,1500.0,575.0,TSMC,AMD,,691.2,43.2
Terascale 2 Thames XT ,1366 x 768,,600 MHz,,Yes,DX 11.0,,,No,256KB,AMD,20 Watts,1024 MB ,28.8GB/sec,128 Bit ,900 MHz,DDR3,radeon hd 7670m,Yes,4.3,,10 GPixel/s,,40nm,16,"
07-Jan-2012 ",,2560x1600,No,5.0,24.0,14 GTexel/s,,4143,GPU,2012-02-17,40.0,20.0,104.0,716.0,600.0,TSMC,AMD,,576.0,
Terascale 2 Thames PRO ,1366 x 768,,500 MHz,,Yes,DX 11.0,,,No,256KB,AMD,20 Watts,1024 MB ,28.8GB/sec,128 Bit ,900 MHz,DDR3,radeon hd 7650m,Yes,4.3,,4 GPixel/s,,40nm,8,"
07-Jan-2012 ",,2560x1600,Yes,5.0,24.0,12 GTexel/s,,3873,GPU,2012-01-07,40.0,20.0,104.0,716.0,450.0,TSMC,AMD,,432.0,
GCN 1.0 Chelsea PRO ,1600 x 900,,575 MHz,,Yes,DX 12.0,,,No,256KB,AMD,28 Watts,1024 MB ,64GB/sec,128 Bit ,1000 MHz,GDDR5,radeon hd 7750m,Yes,4.4,,9 GPixel/s,,28nm,16,"
24-Apr-2012 ",,2560x1600,Yes,5.0,32.0,18 GTexel/s,,4230,GPU,2012-04-24,28.0,28.0,123.0,1500.0,575.0,TSMC,AMD,,588.8,36.8
GCN 1.0 Chelsea XT ,1600 x 900,,675 MHz,,Yes,DX 12.0,,,No,256KB,AMD,32 Watts,1024 MB ,64GB/sec,128 Bit ,1000 MHz,GDDR5,radeon hd 7770m,Yes,4.4,,11 GPixel/s,,28nm,16,"
24-Apr-2012 ",,2560x1600,Yes,5.0,32.0,22 GTexel/s,,4063,GPU,2012-04-24,28.0,32.0,123.0,1500.0,675.0,TSMC,AMD,,691.2,43.2
Terascale 2 Thames XT ,1366 x 768,,725 MHz,,Yes,DX 11.0,,,No,256KB,AMD,20 Watts,1024 MB ,28.8GB/sec,128 Bit ,900 MHz,DDR3,radeon hd 7690m,Yes,4.3,,12 GPixel/s,,40nm,16,"
25-Dec-2011 ",,2560x1600,Yes,5.0,24.0,17 GTexel/s,,3046,GPU,2011-12-25,40.0,20.0,104.0,716.0,725.0,TSMC,AMD,,696.0,
Terascale 2 Thames LP ,1366 x 768,,450 MHz,,Yes,DX 11.0,,,No,256KB,AMD,20 Watts,1024 MB ,25.6GB/sec,128 Bit ,800 MHz,DDR3,radeon hd 7630m,Yes,4.3,,4 GPixel/s,,40nm,8,"
07-Jan-2012 ",,2560x1600,No,5.0,24.0,11 GTexel/s,,4662,GPU,2012-01-07,40.0,20.0,104.0,716.0,450.0,TSMC,AMD,,432.0,
Terascale 2 Thames LE ,1366 x 768,,450 MHz,,Yes,DX 11.0,,,No,256KB,AMD,20 Watts,1024 MB ,25.6GB/sec,128 Bit ,800 MHz,DDR3,radeon hd 7610m,Yes,4.3,,4 GPixel/s,,40nm,8,"
07-Jan-2012 ",,2560x1600,No,5.0,20.0,9 GTexel/s,,2896,GPU,2012-01-07,40.0,20.0,104.0,716.0,450.0,TSMC,AMD,,360.0,
Terascale 2 Thames XT ,1366 x 768,,600 MHz,,Yes,DX 11.0,,,No,256KB,AMD,18 Watts,1024 MB ,25.6GB/sec,64 Bit ,800 MHz,GDDR5,radeon hd 7590m,Yes,4.3,,5 GPixel/s,,40nm,8,"
07-Jan-2012 ",,2560x1600,Yes,5.0,24.0,14 GTexel/s,,3986,GPU,2012-01-07,40.0,18.0,104.0,716.0,600.0,TSMC,AMD,,576.0,
Terascale 2 Thames LE ,1366 x 768,,450 MHz,,Yes,DX 11.0,,,No,256KB,AMD,11 Watts,1024 MB ,12.8GB/sec,64 Bit ,800 MHz,DDR3,radeon hd 7510m,Yes,4.3,,4 GPixel/s,,40nm,8,"
07-Jan-2012 ",,2560x1600,No,5.0,20.0,9 GTexel/s,,2321,GPU,2012-01-07,40.0,11.0,104.0,716.0,450.0,TSMC,AMD,,360.0,
Terascale 2 Thames LP ,1366 x 768,,450 MHz,,Yes,DX 11.0,,,No,256KB,AMD,11 Watts,1024 MB ,14.4GB/sec,64 Bit ,900 MHz,DDR3,radeon hd 7530m,Yes,4.3,,4 GPixel/s,,40nm,8,"
07-Jan-2012 ",,2560x1600,No,5.0,20.0,9 GTexel/s,,3326,GPU,2012-01-07,40.0,11.0,104.0,716.0,450.0,TSMC,AMD,,360.0,
Terascale 2 Thames PRO ,1366 x 768,,500 MHz,,Yes,DX 11.0,,,No,256KB,AMD,14 Watts,2048 MB ,14.4GB/sec,64 Bit ,900 MHz,DDR3,radeon hd 7550m,Yes,4.3,,4 GPixel/s,,40nm,8,"
07-Jan-2012 ",,2560x1600,Yes,5.0,24.0,12 GTexel/s,,4486,GPU,2012-01-07,40.0,14.0,104.0,716.0,500.0,TSMC,AMD,,480.0,
Terascale 2 Thames PRO ,1366 x 768,,500 MHz,,Yes,DX 11.0,,,No,256KB,AMD,14 Watts,2048 MB ,14.4GB/sec,64 Bit ,900 MHz,DDR3,radeon hd 7550m,Yes,4.3,,4 GPixel/s,,40nm,8,"
07-Jan-2012 ",,2560x1600,Yes,5.0,24.0,12 GTexel/s,,4808,GPU,2012-01-07,40.0,14.0,104.0,716.0,450.0,TSMC,AMD,,440.0,
Terascale 2 Thames PRO ,1366 x 768,,500 MHz,,Yes,DX 11.0,,,No,256KB,AMD,13 Watts,1024 MB ,25.6GB/sec,64 Bit ,800 MHz,GDDR5,radeon hd 7570m,Yes,4.3,,4 GPixel/s,,40nm,8,"
07-Jan-2012 ",,2560x1600,Yes,5.0,24.0,12 GTexel/s,,2354,GPU,2012-01-07,40.0,13.0,104.0,716.0,500.0,TSMC,AMD,,480.0,
Terascale 2 Seymour PRO ,1280 x 720,,600 MHz,,Yes,DX 11.0,,,No,128KB,AMD,7 Watts,1024 MB ,14.4GB/sec,64 Bit ,900 MHz,DDR3,radeon hd 7430m,Yes,4.3,,2 GPixel/s,,40nm,4,"
07-Jan-2012 ",,2560x1600,No,5.0,8.0,5 GTexel/s,,4413,GPU,2012-01-07,40.0,7.0,67.0,370.0,600.0,TSMC,AMD,,192.0,
Terascale 2 Seymour PRO ,1280 x 720,,700 MHz,,Yes,DX 11.0,,,No,128KB,AMD,7 Watts,1024 MB ,14.4GB/sec,64 Bit ,900 MHz,DDR3,radeon hd 7450m,Yes,4.3,,3 GPixel/s,,40nm,4,"
07-Jan-2012 ",,2560x1600,No,5.0,8.0,6 GTexel/s,,2397,GPU,2012-01-07,40.0,7.0,67.0,370.0,700.0,TSMC,AMD,,224.0,
Terascale 2 Seymour XT ,1366 x 768,,800 MHz,,Yes,DX 11.0,,,No,128KB,AMD,7 Watts,512 MB ,14.4GB/sec,64 Bit ,900 MHz,DDR3,radeon hd 7470m,Yes,4.3,,3 GPixel/s,,40nm,4,"
07-Jan-2012 ",,2560x1600,No,5.0,8.0,6 GTexel/s,,3004,GPU,2012-01-07,40.0,25.0,67.0,370.0,750.0,TSMC,AMD,,256.0,
Terascale 2 Seymour XTX ,1366 x 768,,800 MHz,,Yes,DX 11.0,,,No,128KB,AMD,9 Watts,1024 MB ,30.4GB/sec,64 Bit ,950 MHz,GDDR5,radeon hd 7490m,Yes,4.3,,3 GPixel/s,,40nm,4,"
07-Jan-2012 ",,2560x1600,No,5.0,8.0,6 GTexel/s,,3981,GPU,2012-01-07,40.0,9.0,67.0,370.0,800.0,TSMC,AMD,,256.0,
Terascale 2 Robson XT ,1280 x 720,,750 MHz,,Yes,DX 11.0,,,No,128KB,AMD,11 Watts,1024 MB ,12.8GB/sec,64 Bit ,800 MHz,DDR3,radeon hd 7370m,Yes,4.3,,3 GPixel/s,,40nm,4,"
07-Jan-2012 ",,2560x1600,No,5.0,8.0,6 GTexel/s,,2649,GPU,2012-01-07,40.0,11.0,59.0,292.0,750.0,TSMC,AMD,,120.0,
Terascale 2 Robson PRO ,1280 x 720,,500 MHz,,Yes,DX 11.0,,,No,128KB,AMD,7 Watts,1024 MB ,14.4GB/sec,64 Bit ,900 MHz,DDR3,radeon hd 7350m,Yes,4.3,,2 GPixel/s,,40nm,4,"
07-Jan-2012 ",,2560x1600,No,5.0,4.0,2 GTexel/s,,3404,GPU,2012-01-07,40.0,7.0,59.0,292.0,500.0,TSMC,AMD,,80.0,
Terascale 2 Robson LE ,1280 x 720,,500 MHz,,Yes,DX 11.0,,,No,128KB,AMD,5 Watts,1024 MB ,12.8GB/sec,64 Bit ,800 MHz,DDR3,radeon hd 7330m,Yes,4.3,,2 GPixel/s,,40nm,4,"
07-Jan-2012 ",,2560x1600,No,5.0,4.0,2 GTexel/s,,4577,GPU,2012-01-07,40.0,5.0,59.0,292.0,500.0,TSMC,AMD,,80.0,
GCN 1.1 Venus XTX ,1920 x 1080,925 MHz ,"
- ",,Yes,DX 11.2,,,No,256KB,AMD,50 Watts,2048 MB ,64GB/sec,128 Bit ,1000 MHz,GDDR5,radeon r9 m275x,Yes,4.3,,15 GPixel/s,,28nm,16,"
09-Mar-2014 ",,4096x2160,Yes,5.0,40.0,37 GTexel/s,,3262,GPU,2014-01-28,28.0,,123.0,1500.0,900.0,TSMC,AMD,,1184.0,74.0
GCN 1.1 Venus PRO ,1600 x 900,625 MHz ,"
- ",,Yes,DX 11.2,,,No,256KB,AMD,35 Watts,2048 MB ,64GB/sec,128 Bit ,1000 MHz,GDDR5,radeon r9 m265x,Yes,4.3,,10 GPixel/s,,28nm,16,"
09-Jan-2014 ",,4096x2160,Yes,5.0,40.0,25 GTexel/s,,2850,GPU,2014-03-21,28.0,,123.0,1500.0,575.0,TSMC,AMD,,800.0,50.0
GCN 1.1 Venus XT ,1600 x 900,775 MHz ,"
- ",,Yes,DX 11.2,,,No,256KB,AMD,50 Watts,2048 MB ,64GB/sec,128 Bit ,1000 MHz,GDDR5,radeon r9 m270x,Yes,4.4,,12 GPixel/s,,28nm,16,"
01-Jun-2014 ",,4096x2160,Yes,5.0,48.0,37 GTexel/s,,2810,GPU,2015-02-05,28.0,,160.0,2080.0,900.0,TSMC,AMD,,1536.0,96.0
GCN 1.1 Venus XT ,1600 x 900,775 MHz ,"
- ",,Yes,DX 11.2,,,No,256KB,AMD,50 Watts,2048 MB ,64GB/sec,128 Bit ,1000 MHz,GDDR5,radeon r9 m270x,Yes,4.4,,12 GPixel/s,,28nm,16,"
01-Jun-2014 ",,4096x2160,Yes,5.0,48.0,37 GTexel/s,,3679,GPU,2014-03-21,28.0,,123.0,1500.0,725.0,TSMC,AMD,,992.0,
GCN 1.1 Mars XT ,1600 x 900,,715 MHz,,Yes,DX 12.0,,,No,256KB,AMD,35 Watts,2048 MB ,64GB/sec,128 Bit ,1000 MHz,GDDR5,radeon r7 m260x,Yes,4.4,,6 GPixel/s,,28nm,8,"
09-Jan-2014 ",,4096x2160,No,5.0,24.0,17 GTexel/s,,2580,GPU,2015-12-06,28.0,,77.0,950.0,620.0,TSMC,AMD,,549.1,
GCN 1.1 Mars XT ,1366 x 768,825 MHz ,800 MHz,,Yes,DX 12.0,,,No,256KB,AMD,35 Watts,2048 MB ,32GB/sec,128 Bit ,1000 MHz,DDR3,radeon r7 m265,Yes,4.4,,7 GPixel/s,,28nm,8,"
09-Jan-2014 ",,4096x2160,Yes,5.0,24.0,20 GTexel/s,,4132,GPU,2014-05-20,28.0,,125.0,1550.0,900.0,TSMC,AMD,752.6,752.6,47.04
GCN 1.1 Mars XT ,1366 x 768,825 MHz ,800 MHz,,Yes,DX 12.0,,,No,256KB,AMD,35 Watts,2048 MB ,32GB/sec,128 Bit ,1000 MHz,DDR3,radeon r7 m265,Yes,4.4,,7 GPixel/s,,28nm,8,"
09-Jan-2014 ",,4096x2160,Yes,5.0,24.0,20 GTexel/s,,4654,GPU,2014-01-09,28.0,,77.0,950.0,725.0,TSMC,AMD,,633.6,
GCN 1.1 Topaz XT ,1366 x 768,980 MHz ,940 MHz,,Yes,DX 12.0,,,No,256KB,AMD,35 Watts,2048 MB ,16GB/sec,64 Bit ,1000 MHz,DDR3,radeon r7 m260,Yes,4.4,,8 GPixel/s,,28nm,8,"
11-Jun-2014 ",,4096x2160,No,5.0,24.0,24 GTexel/s,,3301,GPU,2014-06-11,28.0,,125.0,1550.0,940.0,TSMC,AMD,752.6,752.6,47.04
GCN 1.1 Opal XT ,1366 x 768,825 MHz ,725 MHz,,Yes,DX 12.0,,,No,256KB,AMD,30 Watts,4096 MB ,32GB/sec,128 Bit ,1000 MHz,DDR3,radeon r7 m270,Yes,4.4,,7 GPixel/s,,28nm,8,"
09-Jan-2014 ",,4096x2160,Yes,5.0,24.0,20 GTexel/s,,3904,GPU,2014-01-09,28.0,,77.0,950.0,725.0,TSMC,AMD,,633.6,
GCN 1.1 Sun PRO ,1366 x 768,940 MHz ,925 MHz,,Yes,DX 12.0,,,No,256KB,AMD,20 Watts,4096 MB ,16GB/sec,64 Bit ,1000 MHz,DDR3,radeon r5 m255,Yes,4.4,,8 GPixel/s,,28nm,8,"
12-Oct-2014 ",,2560x1600,No,5.0,20.0,19 GTexel/s,,2242,GPU,2014-10-12,28.0,,125.0,1550.0,925.0,TSMC,AMD,721.9,721.9,45.12
GCN 1.1 Sun LE ,1366 x 768,855 MHz ,780 MHz,,Yes,DX 12.0,,,No,256KB,AMD,20 Watts,4096 MB ,16GB/sec,64 Bit ,1000 MHz,DDR3,radeon r5 m230,Yes,4.4,,7 GPixel/s,,28nm,8,"
01-Jan-2014 ",,2560x1600,No,5.0,20.0,17 GTexel/s,,3589,GPU,2014-01-07,28.0,,56.0,690.0,780.0,TSMC,AMD,,547.2,34.2
GCN 1.1 Sun LE ,1366 x 768,855 MHz ,780 MHz,,Yes,DX 12.0,,,No,256KB,AMD,20 Watts,4096 MB ,16GB/sec,64 Bit ,1000 MHz,DDR3,radeon r5 m230,Yes,4.4,,7 GPixel/s,,28nm,8,"
01-Jan-2014 ",,2560x1600,No,5.0,20.0,17 GTexel/s,,3772,GPU,2014-01-07,28.0,,56.0,690.0,825.0,TSMC,AMD,,547.2,34.2
GCN 1.1 Jet XT ,1366 x 768,1030 MHz ,1000 MHz,,Yes,DX 12.0,,,No,256KB,AMD,,2048 MB ,16GB/sec,64 Bit ,1000 MHz,DDR3,radeon r5 m240,Yes,4.4,,8 GPixel/s,,28nm,8,"
18-Sep-2014 ",,2560x1600,No,5.0,24.0,25 GTexel/s,,4461,GPU,2014-09-18,28.0,,56.0,690.0,1000.0,TSMC,AMD,,659.2,41.2
GCN 1.1 ,1366 x 768,1125 MHz ,"
- ",,Yes,DX 12,,,No,0KB,AMD,85 Watts,2048 MB ,86.4GB/sec,192 Bit ,1800 MHz,DDR3,radeon r8 m365dx,Yes,4.4,,18 GPixel/s,,28nm,16,"
03-Jun-2015 ",,4096x2160,No,5.0,48.0,54 GTexel/s,,2663,GPU,2015-06-03,28.0,,125.0,1550.0,900.0,TSMC,AMD,864.0,864.0,54.0
Blackcomb XT ,,,"
- ",,No,DX 11,,,Yes,0KB,AMD,75 Watts,,115.2GB/sec,256 Bit ,900 MHz,GDDR5,firepro m8900,Yes,4.1,,,,,,"
12-Apr-2011 ",,,No,5.0,,,,2617,GPU,2011-04-12,40.0,75.0,212.0,1700.0,680.0,TSMC,AMD,,1306.0,
Whistler XT ,,,"
- ",,Yes,DX 11,,,No,0KB,AMD,30 Watts,1024 MB ,57.6GB/sec,128 Bit ,900 MHz,GDDR5,firepro m5950,Yes,4.1,,,,,,"
13-Apr-2011 ",,,No,5.0,,,,4670,GPU,2011-01-04,40.0,35.0,104.0,716.0,725.0,TSMC,AMD,,696.0,
GCN 1.1 Mars XTX ,1600 x 900,900 MHz ,825 MHz,,Yes,DX 12.0,,,No,256KB,AMD,50 Watts,2048 MB ,72GB/sec,128 Bit ,1125 MHz,GDDR5,firepro w4170m,Yes,4.4,,7 GPixel/s,,28nm,8,"
28-Apr-2014 ",,4096x2160,Yes,5.0,24.0,22 GTexel/s,,3059,GPU,2014-04-28,28.0,,77.0,950.0,825.0,TSMC,AMD,,691.2,43.2
GCN 1.1 Mars XTX ,1600 x 900,900 MHz ,825 MHz,,Yes,DX 12.0,,,No,256KB,AMD,50 Watts,2048 MB ,72GB/sec,128 Bit ,1125 MHz,GDDR5,firepro w4170m,Yes,4.4,,7 GPixel/s,,28nm,8,"
28-Apr-2014 ",,4096x2160,Yes,5.0,24.0,22 GTexel/s,,3896,GPU,2015-04-23,28.0,,77.0,950.0,825.0,TSMC,AMD,,691.2,43.2
GCN 1.1 Saturn XT GL ,1600 x 900,,"
- ",,Yes,DX 11.1,,,No,512KB,AMD,75 Watts,2048 MB ,72GB/sec,128 Bit ,1125 MHz,GDDR5,firepro m6100,Yes,4.2,,18 GPixel/s,,28nm,16,"
16-Oct-2013 ",,4096x2160,Yes,5.0,56.0,62 GTexel/s,,3758,GPU,2013-10-16,28.0,,160.0,2080.0,1075.0,TSMC,AMD,,1651.0,103.2
GCN 1.1 Venus XT ,1600 x 900,775 MHz ,"
- ",,Yes,DX 11.1,,,No,256KB,AMD,50 Watts,2048 MB ,72GB/sec,128 Bit ,1125 MHz,GDDR5,firepro m5100,Yes,4.2,,12 GPixel/s,,28nm,16,"
16-Oct-2013 ",,4096x2160,Yes,5.0,40.0,31 GTexel/s,,3061,GPU,2013-10-16,28.0,,123.0,1500.0,725.0,TSMC,AMD,,992.0,62.0
Cape Verde PRO GL ,,,"
- ",,Yes,DX 11.1,,,No,0KB,AMD,33 Watts,2048 MB ,64GB/sec,128 Bit ,1000 MHz,GDDR5,firepro m4000,Yes,4.2,,10 GPixel/s,,28nm,16,"
27-Jun-2012 ",,4096x2160,Yes,5.0,32.0,19 GTexel/s,,4186,GPU,2012-06-27,28.0,33.0,123.0,1500.0,675.0,TSMC,AMD,,691.2,43.2
Caicos ,,,"
- ",,No,DX 11,,,Yes,0KB,AMD,20 Watts,,14.4GB/sec,64 Bit ,900 MHz,DDR3,firepro m3900,Yes,4.0,,,,,,"
13-Apr-2011 ",,,No,5.0,,,,3228,GPU,2010-10-19,40.0,20.0,67.0,370.0,750.0,TSMC,AMD,,240.0,
,5760 x 1600,,"
- ",0.0,Yes,DX 11.1,,0.0,No,0KB,AMD,300 Watts,6144 MB ,480GB/sec,768 Bit ,1250 MHz,GDDR5,radeon sky 900,No,4.3,,,None ,,,"
25-Mar-2013 ",,,No,5.0,,,0.0,3373,GPU,2013-03-27,28.0,300.0,352.0,4313.0,825.0,TSMC,AMD,,3405.0,851.2
,1920 x 1080,,"
- ",0.0,Yes,DX 11.1,,0.0,No,0KB,AMD,225 Watts,6144 MB ,264GB/sec,384 Bit ,1375 MHz,GDDR5,radeon sky 700,No,4.3,,,None ,,,"
25-Mar-2013 ",,,No,5.0,,,0.0,4522,GPU,2013-03-27,28.0,225.0,352.0,4313.0,900.0,TSMC,AMD,,3226.0,806.4
GCN 1.1 Versuvius XT ,3840 x 2160,,1018 MHz,2.0,Yes,DX 12.0,,1.0,No,1024KB(x2),AMD,500 Watts,8192 MB ,640GB/sec,512 Bit ,1250 MHz,GDDR5,radeon r9 295x2,No,4.4,850 Watt & 56 Amps,130 GPixel/s,2x 8-pin ,28nm,64 (x2),"
29-Apr-2014 ",$1499.00,4096x2160,Yes,5.0,176.0,358 GTexel/s,0.0,4573,GPU,2014-04-29,28.0,500.0,438.0,6200.0,1018.0,TSMC,AMD,,5733.0,716.7
,1920 x 1080,,"
- ",0.0,Yes,DX 11.1,,0.0,No,0KB,AMD,150 Watts,4096 MB ,153.6GB/sec,256 Bit ,1200 MHz,GDDR5,radeon sky 500,No,4.3,,,None ,,,"
25-Mar-2013 ",,,No,5.0,,,0.0,3305,GPU,2013-03-27,28.0,150.0,212.0,2800.0,950.0,TSMC,AMD,,2432.0,152.0
GCN 1.1 Grenada XT ,2560 x 1600,,1050 MHz,2.0,Yes,DX 12.0,0.0,1.0,No,1024KB,AMD,275 Watts,8192 MB ,384GB/sec,512 Bit ,1500 MHz,GDDR5,radeon r9 390x,No,4.4,600 Watt & 42 Amps,67 GPixel/s,1x 6-pin + 1x 8-pin ,28nm,64,"
18-Jun-2015 ",$429.00,4096x2160,Yes,5.0,176.0,185 GTexel/s,0.0,4311,GPU,2015-06-18,28.0,275.0,438.0,6200.0,1050.0,TSMC,AMD,,5914.0,739.2
GCN 1.1 Grenada PRO ,2560 x 1440,,1000 MHz,2.0,Yes,DX 12.0,1.0,1.0,No,1024KB,AMD,275 Watts,8192 MB ,384GB/sec,512 Bit ,1500 MHz,GDDR5,radeon r9 390,No,4.4,600 Watt & 42 Amps,64 GPixel/s,1x 6-pin + 1x 8-pin ,28nm,64,"
18-Jun-2015 ",$329.00,4096x2160,Yes,5.0,160.0,160 GTexel/s,0.0,4119,GPU,2015-06-18,28.0,275.0,438.0,6200.0,1000.0,TSMC,AMD,,5120.0,640.0
GCN 1.2 Antigua XT ,1920 x 1080,,970 MHz,2.0,Yes,DX 12.0,0.0,1.0,No,768KB,AMD,190 Watts,4096 MB ,182.4GB/sec,256 Bit ,1425 MHz,GDDR5,radeon r9 380x,No,4.5,500 Watt & 33 Amps,31 GPixel/s,2x 6-pin ,28nm,32,"
19-Nov-2015 ",$229.00,4096x2160,Yes,5.0,128.0,124 GTexel/s,0.0,3651,GPU,2015-11-19,28.0,190.0,366.0,5000.0,970.0,TSMC,AMD,3973.0,3973.0,248.3
GCN 1.0 Trinidad XT ,1920 x 1080,1050 MHz ,1000 MHz,2.0,Yes,DX 12.0,1.0,1.0,No,1024KB,AMD,180 Watts,2048 MB ,179.2GB/sec,256 Bit ,1400 MHz,GDDR5,radeon r9 370x,No,4.4,500 Watt & 33 Amps,34 GPixel/s,2x 6-pin ,28nm,32,"
27-Aug-2015 ",$199.00,4096x2160,Yes,5.0,80.0,84 GTexel/s,0.0,2757,GPU,2015-08-27,28.0,180.0,212.0,2800.0,980.0,TSMC,AMD,,2637.0,164.8
GCN 1.2 Antigua PRO ,1920 x 1080,,970 MHz,2.0,Yes,DX 12.0,1.0,1.0,No,768KB,AMD,190 Watts,2048 MB ,176GB/sec,256 Bit ,1375 MHz,GDDR5,radeon r9 380,No,4.5,500 Watt & 33 Amps,31 GPixel/s,2x 6-pin ,28nm,32,"
18-Jun-2015 ",$199.00,4096x2160,Yes,5.0,112.0,109 GTexel/s,0.0,3384,GPU,2015-06-18,28.0,190.0,366.0,5000.0,970.0,TSMC,AMD,3476.0,3476.0,217.3
GCN 1.0 Trinidad PRO ,1600 x 900,975 MHz ,925 MHz,2.0,Yes,DX 12.0,1.0,1.0,No,1024KB,AMD,110 Watts,2048 MB ,179.2GB/sec,256 Bit ,1400 MHz,GDDR5,radeon r7 370,No,4.4,500 Watt & 33 Amps,31 GPixel/s,1x 6-pin ,28nm,32,"
18-Jun-2015 ",$149.00,4096x2160,Yes,5.0,64.0,62 GTexel/s,0.0,2459,GPU,2015-06-18,28.0,110.0,212.0,2800.0,925.0,TSMC,AMD,,1997.0,124.8
GCN 1.1 Tobago PRO ,1600 x 900,,1050 MHz,1.0,Yes,DX 12.0,1.0,1.0,No,512KB,AMD,75 Watts,2048 MB ,96GB/sec,128 Bit ,1500 MHz,GDDR5,radeon r7 360,No,4.4,500 Watt & 30 Amps,17 GPixel/s,1x 6-pin ,28nm,16,"
18-Jun-2015 ",$109.00,4096x2160,Yes,5.0,48.0,50 GTexel/s,0.0,2767,GPU,2015-06-18,28.0,100.0,160.0,2080.0,1000.0,TSMC,AMD,,1613.0,100.8
GCN 1.1 Hawaii XT ,2560 x 1440,,1000 MHz,2.0,Yes,DX 12.0,,1.0,No,1024KB,AMD,290 Watts,4096 MB ,320GB/sec,512 Bit ,1250 MHz,GDDR5,radeon r9 290x,No,4.4,750 Watt & 42 Amps,64 GPixel/s,1x 6-pin + 1x 8-pin ,28nm,64,"
24-Oct-2013 ",$549.00,4096x2160,Yes,5.0,176.0,176 GTexel/s,0.0,2468,GPU,2013-10-24,28.0,290.0,438.0,6200.0,1000.0,TSMC,AMD,,5632.0,704.0
GCN 1.1 Hawaii PRO ,2560 x 1440,,947 MHz,2.0,Yes,DX 12.0,0.0,1.0,No,1024KB,AMD,275 Watts,4096 MB ,320GB/sec,512 Bit ,1250 MHz,GDDR5,radeon r9 290,No,4.4,750 Watt & 42 Amps,61 GPixel/s,1x 6-pin + 1x 8-pin ,28nm,64,"
05-Nov-2013 ",$399.00,4096x2160,Yes,5.0,160.0,152 GTexel/s,0.0,3309,GPU,2013-11-05,28.0,275.0,438.0,6200.0,947.0,TSMC,AMD,,4849.0,606.1
GCN 1.0 Tahiti XTL ,1920 x 1080,1000 MHz ,850 MHz,2.0,Yes,DX 12.0,0.0,1.0,No,768KB,AMD,250 Watts,3072 MB ,288GB/sec,384 Bit ,1500 MHz,GDDR5,radeon r9 280x,No,4.4,750 Watt & 42 Amps,32 GPixel/s,1x 6-pin + 1x 8-pin ,28nm,32,"
08-Oct-2013 ",$299.00,4096x2160,Yes,5.0,128.0,128 GTexel/s,0.0,3629,GPU,2013-10-08,28.0,250.0,352.0,4313.0,850.0,TSMC,AMD,,4096.0,1024.0
GCN 1.0 Tahiti PRO2 ,1920 x 1080,933 MHz ,827 MHz,2.0,Yes,DX 12.0,0.0,1.0,No,768KB,AMD,200 Watts,3072 MB ,240GB/sec,384 Bit ,1250 MHz,GDDR5,radeon r9 280,No,4.4,500 Watt,30 GPixel/s,2x 6-pin ,28nm,32,"
04-Mar-2014 ",$279.00,4096x2160,Yes,5.0,112.0,104 GTexel/s,0.0,3109,GPU,2014-03-04,28.0,200.0,352.0,4313.0,827.0,TSMC,AMD,,3344.0,836.0
GCN 1.1 Curacao XT ,1920 x 1080,1050 MHz ,1000 MHz,2.0,Yes,DX 12.0,,1.0,No,512KB,AMD,180 Watts,2048 MB ,179.2GB/sec,256 Bit ,1400 MHz,GDDR5,radeon r9 270x,No,4.4,500 Watt & 34 Amps,34 GPixel/s,2x 6-pin ,28nm,32,"
08-Oct-2013 ",$199.00,4096x2160,Yes,5.0,80.0,84 GTexel/s,0.0,4531,GPU,2013-10-08,28.0,180.0,212.0,2800.0,1000.0,TSMC,AMD,,2688.0,168.0
GCN 1.1 Curacao PRO ,1920 x 1080,925 MHz ,900 MHz,2.0,Yes,DX 12.0,,1.0,No,512KB,AMD,150 Watts,2048 MB ,179.2GB/sec,256 Bit ,1400 MHz,GDDR5,radeon r9 270,No,4.4,500 Watt & 32 Amps,30 GPixel/s,2x 6-pin ,28nm,32,"
13-Nov-2013 ",$99.00,4096x2160,Yes,5.0,80.0,74 GTexel/s,0.0,2469,GPU,2013-11-13,28.0,150.0,212.0,2800.0,900.0,TSMC,AMD,,2368.0,148.0
GCN 1.0 Pitcairn PRO ,1920 x 1080,925 MHz ,900 MHz,2.0,Yes,DX 12.0,,1.0,No,512KB,AMD,150 Watts,2048 MB ,179.2GB/sec,256 Bit ,1400 MHz,GDDR5,radeon r7 265,No,4.4,500 Watt & 24 Amps,30 GPixel/s,2x 6-pin ,28nm,32,"
13-Feb-2014 ",$149.00,4096x2160,Yes,5.0,64.0,59 GTexel/s,0.0,3412,GPU,2014-02-13,28.0,150.0,212.0,2800.0,900.0,TSMC,AMD,,1894.0,118.4
GCN 1.1 Bonaire XTX ,1600 x 900,,1100 MHz,2.0,Yes,DX 12.0,0.0,1.0,No,512KB,AMD,115 Watts,2048 MB ,104GB/sec,128 Bit ,1625 MHz,GDDR5,radeon r7 260x,No,4.4,450 Watt & 30 Amps,18 GPixel/s,1x 6-pin ,28nm,16,"
08-Oct-2013 ",$139.00,4096x2160,Yes,5.0,56.0,62 GTexel/s,0.0,4536,GPU,2013-10-08,28.0,115.0,160.0,2080.0,1100.0,TSMC,AMD,,1971.0,123.2
GCN 1.1 Bonaire PRO ,1600 x 900,,1000 MHz,1.0,Yes,DX 12.0,,1.0,No,512KB,AMD,95 Watts,2048 MB ,96GB/sec,128 Bit ,1500 MHz,GDDR5,radeon r7 260,No,4.4,450 Watt & 30 Amps,16 GPixel/s,1x 6-pin ,28nm,16,"
17-Dec-2013 ",$109.00,4096x2160,Yes,5.0,48.0,48 GTexel/s,0.0,2607,GPU,2013-12-17,28.0,95.0,160.0,2080.0,1000.0,TSMC,AMD,,1536.0,96.0
GCN 1.0 Cape Verde PRO ,1600 x 900,,800 MHz,1.0,Yes,DX 12.0,1.0,1.0,No,512KB,AMD,55 Watts,1024 MB ,72GB/sec,128 Bit ,1125 MHz,GDDR5,radeon r7 250e,No,4.4,400 Watt & 27 Amps,13 GPixel/s,None ,28nm,16,"
20-Dec-2013 ",$109.00,4096x2160,Yes,5.0,32.0,26 GTexel/s,0.0,4799,GPU,2013-12-20,28.0,55.0,123.0,1500.0,800.0,TSMC,AMD,,819.2,51.2
GCN 1.0 Cape Verde XT ,1600 x 900,,950 MHz,1.0,Yes,DX 12.0,,1.0,No,512KB,AMD,80 Watts,2048 MB ,72GB/sec,128 Bit ,1125 MHz,GDDR5,radeon r7 250x,No,4.4,450 Watt & 20 Amps,15 GPixel/s,1x 6-pin ,28nm,16,"
10-Feb-2014 ",$99.00,4096x2160,Yes,5.0,40.0,38 GTexel/s,0.0,3596,GPU,2014-02-13,28.0,80.0,123.0,1500.0,950.0,TSMC,AMD,,1216.0,76.0
Terascale 2 Caicos PRO-L ,1024 x 768,,625 MHz,1.0,Yes,DX 11.0,,1.0,No,128KB,AMD,19 Watts,1024 MB ,8.5GB/sec,64 Bit ,533 MHz,DDR3,radeon r5 230,No,4.3,300 Watt & 22 Amps,3 GPixel/s,None ,40nm,4,"
03-Apr-2014 ",,2560x1600,No,5.0,8.0,5 GTexel/s,1.0,2493,GPU,2014-04-03,40.0,19.0,67.0,370.0,625.0,TSMC,AMD,,200.0,
GCN 1.0 Malta ,2560 x 1600,1000 MHz ,950 MHz,1.0,Yes,DX 12.0,,0.0,No,768KB(x2),AMD,375 Watts,6144 MB ,576GB/sec,384 Bit ,1500 MHz,GDDR5,radeon hd 7990,No,4.4,750 Watt & 50 Amps,64 GPixel/s,2x 8-pin ,28nm,32 (x2),"
23-Apr-2013 ",$999.00,2560x1600,Yes,5.0,128.0,256 GTexel/s,0.0,2685,GPU,2013-04-24,28.0,375.0,365.0,4313.0,950.0,TSMC,AMD,,4096.0,1024.0
Terascale 3 Antilles ,1920 x 1080,,830 MHz,2.0,Yes,DX 11.0,,1.0,No,512KB(x2),AMD,375 Watts,4096 MB ,320GB/sec,256 Bit ,1250 MHz,GDDR5,radeon hd 6990,No,4.3,750 Watt & 45 Amps,53 GPixel/s,2x 8-pin ,40nm,32 (x2),"
08-Mar-2011 ",,2560x1600,Yes,5.0,96.0,159 GTexel/s,0.0,2328,GPU,2011-03-08,40.0,375.0,389.0,2640.0,830.0,TSMC,AMD,,2550.0,637.4
Terascale 3 Cayman XT ,1920 x 1080,,880 MHz,2.0,Yes,DX 11.0,2.0,1.0,No,512KB,AMD,250 Watts,2048 MB ,176GB/sec,256 Bit ,1375 MHz,GDDR5,radeon hd 6970,No,4.3,550 Watt & 37 Amps,28 GPixel/s,1x 6-pin + 1x 8-pin ,40nm,32,"
14-Dec-2010 ",$369.00,2560x1600,Yes,5.0,96.0,84 GTexel/s,0.0,2481,GPU,2010-12-14,40.0,250.0,389.0,2640.0,880.0,TSMC,AMD,,2703.0,675.8
Terascale 3 Cayman Pro ,1920 x 1080,,800 MHz,2.0,Yes,DX 11.0,,1.0,No,512KB,AMD,200 Watts,2048 MB ,160GB/sec,256 Bit ,1250 MHz,GDDR5,radeon hd 6950,No,4.3,500 Watt & 30 Amps,26 GPixel/s,None ,40nm,32,"
15-Dec-2010 ",,2560x1600,Yes,5.0,88.0,70 GTexel/s,1.0,3719,GPU,2010-12-14,40.0,200.0,389.0,2640.0,800.0,TSMC,AMD,,2253.0,563.2
Terascale 2 Barts XT ,1920 x 1080,,900 MHz,2.0,Yes,DX 11.0,,1.0,No,512KB,AMD,151 Watts,1024 MB ,134.4GB/sec,256 Bit ,1050 MHz,GDDR5,radeon hd 6870,No,4.3,500 Watt & 28 Amps,29 GPixel/s,None ,40nm,32,"
22-Oct-2010 ",,2560x1600,Yes,5.0,56.0,50 GTexel/s,1.0,2804,GPU,2010-10-21,40.0,151.0,255.0,1700.0,900.0,TSMC,AMD,,2016.0,
Terascale 2 Barts Pro ,1680 x 1050,,775 MHz,2.0,Yes,DX 11.0,,1.0,No,512KB,AMD,127 Watts,1024 MB ,128GB/sec,256 Bit ,1000 MHz,GDDR5,radeon hd 6850,No,4.3,500 Watt & 25 Amps,25 GPixel/s,None ,40nm,32,"
22-Oct-2010 ",,2560x1600,Yes,5.0,48.0,37 GTexel/s,1.0,3523,GPU,2010-10-21,40.0,127.0,255.0,1700.0,775.0,TSMC,AMD,,1488.0,
Terascale 2 Barts LE ,1600 x 900,,840 MHz,2.0,Yes,DX 11.0,,1.0,No,512KB,AMD,150 Watts,1024 MB ,134.4GB/sec,256 Bit ,1050 MHz,GDDR5,radeon hd 6790,No,4.3,500 Watt & 25 Amps,13 GPixel/s,None ,40nm,16,"
04-Apr-2011 ",,2560x1600,Yes,5.0,40.0,34 GTexel/s,0.0,3525,GPU,2011-04-04,40.0,150.0,255.0,1700.0,840.0,TSMC,AMD,,1344.0,
Terascale 2 Juniper XT ,1600 x 900,,850 MHz,1.0,Yes,DX 11.0,,1.0,No,256KB,AMD,108 Watts,1024 MB ,76.8GB/sec,128 Bit ,1200 MHz,GDDR5,radeon hd 6770,No,4.3,450 Watt & 24 Amps,14 GPixel/s,None ,40nm,16,"
21-Jan-2011 ",,2560x1600,Yes,5.0,40.0,34 GTexel/s,1.0,4099,GPU,2011-01-21,40.0,108.0,166.0,1040.0,850.0,TSMC,AMD,,1360.0,
Terascale 2 Juniper PRO ,1600 x 900,,700 MHz,2.0,Yes,DX 11.0,,1.0,No,256KB,AMD,86 Watts,1024 MB ,73.6GB/sec,128 Bit ,1150 MHz,GDDR5,radeon hd 6750,No,4.3,450 Watt & 18 Amps,11 GPixel/s,1x 6-pin ,40nm,16,"
21-Jan-2011 ",,2560x1600,Yes,5.0,36.0,25 GTexel/s,0.0,2878,GPU,2011-01-21,40.0,86.0,166.0,1040.0,700.0,TSMC,AMD,,1008.0,
Terascale 2 Turks XT ,1600 x 900,,800 MHz,1.0,Yes,DX 11.0,,1.0,No,256KB,AMD,66 Watts,1024 MB ,64GB/sec,128 Bit ,1000 MHz,GDDR5,radeon hd 6670,No,4.3,400 Watt & 27 Amps,6 GPixel/s,None ,40nm,8,"
19-Apr-2011 ",$99.00,2560x1600,Yes,5.0,24.0,19 GTexel/s,1.0,4223,GPU,2011-04-19,40.0,66.0,118.0,716.0,800.0,TSMC,AMD,,768.0,
Terascale 2 Caicos PRO ,1024 x 768,,625 MHz,0.0,Yes,DX 11.0,,0.0,No,128KB,AMD,25 Watts,1024 MB ,8.5GB/sec,64 Bit ,533 MHz,DDR3,radeon hd 6450a,No,4.3,300 Watt & 18 Amps,3 GPixel/s,None ,40nm,4,"
07-Apr-2011 ",,2560x1600,No,5.0,8.0,5 GTexel/s,0.0,3744,GPU,2011-04-07,40.0,25.0,67.0,370.0,625.0,TSMC,AMD,,200.0,
Terascale 2 Caicos PRO ,1366 x 768,,625 MHz,1.0,Yes,DX 11.0,,1.0,No,128KB,AMD,18 Watts,512 MB ,25.6GB/sec,64 Bit ,800 MHz,GDDR5,radeon hd 6450,No,4.3,300 Watt & 22 Amps,3 GPixel/s,None ,40nm,4,"
07-Apr-2011 ",$55.00,2560x1600,No,5.0,8.0,5 GTexel/s,1.0,4011,GPU,2011-04-07,40.0,18.0,67.0,370.0,625.0,TSMC,AMD,,200.0,
Terascale Cedar PRO ,1024 x 768,,650 MHz,1.0,Yes,DX 11.0,,1.0,No,128KB,AMD,19 Watts,512 MB ,12.8GB/sec,64 Bit ,800 MHz,GDDR3,radeon hd 6350,No,4.3,250 Watt & 18 Amps,3 GPixel/s,None ,40nm,4,"
07-Feb-2011 ",$23.00,2560x1600,Yes,5.0,8.0,5 GTexel/s,0.0,2803,GPU,2011-02-07,40.0,19.0,59.0,292.0,650.0,TSMC,AMD,,104.0,
Terascale 2 Turks PRO ,1600 x 900,,650 MHz,1.0,Yes,DX 11.0,,1.0,No,256KB,AMD,60 Watts,1024 MB ,64GB/sec,128 Bit ,1000 MHz,GDDR5,radeon hd 6570,No,4.3,400 Watt & 27 Amps,5 GPixel/s,None ,40nm,8,"
19-Apr-2011 ",,2560x1600,Yes,5.0,24.0,16 GTexel/s,1.0,4782,GPU,2011-02-07,40.0,44.0,104.0,716.0,650.0,TSMC,AMD,,624.0,
Terascale 2 Turks PRO ,1600 x 900,,650 MHz,1.0,Yes,DX 11.0,,1.0,No,256KB,AMD,60 Watts,1024 MB ,64GB/sec,128 Bit ,1000 MHz,GDDR5,radeon hd 6570,No,4.3,400 Watt & 27 Amps,5 GPixel/s,None ,40nm,8,"
19-Apr-2011 ",,2560x1600,Yes,5.0,24.0,16 GTexel/s,1.0,4793,GPU,2011-04-19,40.0,60.0,118.0,716.0,650.0,TSMC,AMD,,624.0,
Terascale Cedar LE ,1024 x 768,,650 MHz,1.0,Yes,DX 11.0,,1.0,No,128KB,AMD,19 Watts,1024 MB ,12.8GB/sec,64 Bit ,800 MHz,GDDR3,radeon hd 6290,No,4.3,250 Watt & 18 Amps,3 GPixel/s,None ,40nm,4,"
04-Dec-2011 ",,2560x1600,No,5.0,8.0,5 GTexel/s,0.0,3770,GPU,2011-12-04,40.0,19.0,59.0,292.0,650.0,TSMC,AMD,,104.0,
GCN 1.0 Tahiti XT2 ,1920 x 1080,1050 MHz ,1000 MHz,1.0,Yes,DX 12.0,,1.0,No,768KB,AMD,250 Watts,3072 MB ,288GB/sec,384 Bit ,1500 MHz,GDDR5,radeon hd 7970 ghz edition,No,4.4,500 Watt & 42 Amps,34 GPixel/s,2x 8-pin ,28nm,32,"
22-Jun-2012 ",$499.00,4096x2160,Yes,5.0,128.0,134 GTexel/s,0.0,2637,GPU,2012-06-22,28.0,300.0,352.0,4313.0,1000.0,TSMC,AMD,,4301.0,1075.0
GCN 1.0 Tahiti XT ,1920 x 1080,,925 MHz,1.0,Yes,DX 12.0,,1.0,No,768KB,AMD,250 Watts,3072 MB ,264GB/sec,384 Bit ,1375 MHz,GDDR5,radeon hd 7970,No,4.4,600 Watt & 42 Amps,30 GPixel/s,1x 6-pin + 1x 8-pin ,28nm,32,"
29-Dec-2011 ",$549.00,4096x2160,Yes,5.0,128.0,118 GTexel/s,0.0,2495,GPU,2011-12-22,28.0,250.0,352.0,4313.0,925.0,TSMC,AMD,,3789.0,947.2
GCN 1.0 Tahiti PRO ,1920 x 1080,,800 MHz,1.0,Yes,DX 12.0,0.0,1.0,No,768KB,AMD,200 Watts,3072 MB ,240GB/sec,384 Bit ,1250 MHz,GDDR5,radeon hd 7950,No,4.4,500 Watt & 33 Amps,26 GPixel/s,2x 6-pin ,28nm,32,"
31-Jan-2012 ",$449.00,4096x2160,Yes,5.0,112.0,90 GTexel/s,0.0,3383,GPU,2012-01-31,28.0,200.0,352.0,4313.0,800.0,TSMC,AMD,,2867.0,716.8
GCN 1.0 Tahiti LE ,1920 x 1080,,925 MHz,1.0,Yes,DX 12.0,,1.0,No,512KB,AMD,185 Watts,2048 MB ,192GB/sec,256 Bit ,1500 MHz,GDDR5,radeon hd 7870 xt,No,4.4,500 Watt,30 GPixel/s,2x 6-pin ,28nm,32,"
01-Nov-2012 ",$270.00,4096x2160,Yes,5.0,96.0,89 GTexel/s,0.0,3645,GPU,2012-11-19,28.0,185.0,352.0,4313.0,925.0,TSMC,AMD,,2995.0,748.8
GCN 1.0 Pitcairn PRO ,1920 x 1080,,860 MHz,1.0,Yes,DX 12.0,,1.0,No,512KB,AMD,130 Watts,2048 MB ,153.6GB/sec,256 Bit ,1200 MHz,GDDR5,radeon hd 7850,No,4.4,500 Watt & 20 Amps,28 GPixel/s,2x 6-pin ,28nm,32,"
19-Mar-2012 ",$249.00,4096x2160,Yes,5.0,64.0,55 GTexel/s,0.0,4181,GPU,2012-03-05,28.0,130.0,212.0,2800.0,860.0,TSMC,AMD,,1761.0,110.1
GCN 1.0 Bonaire XT ,1600 x 900,,"
- ",2.0,Yes,DX 11.1,,1.0,No,512KB,AMD,85 Watts,1024 MB ,96GB/sec,128 Bit ,1500 MHz,GDDR5,radeon hd 7790,No,4.2,450 Watt & 30 Amps,16 GPixel/s,1x 6-pin ,28nm,16,"
22-Mar-2013 ",$149.00,2560x1600,Yes,5.0,56.0,56 GTexel/s,0.0,4025,GPU,2013-03-22,28.0,85.0,160.0,2080.0,1000.0,TSMC,AMD,,1792.0,112.0
Turks XT ,,,"
- ",0.0,Yes,DX 11,,0.0,No,0KB,AMD,33 Watts,1024 MB ,28.8GB/sec,128 Bit ,900 MHz,DDR3,radeon hd 7650a,No,4.1,,5 GPixel/s,None ,40nm,8,"
01-Jan-2012 ",,2560x1600,Yes,5.0,24.0,14 GTexel/s,0.0,3334,GPU,2012-01-05,40.0,33.0,118.0,716.0,600.0,TSMC,AMD,,576.0,
Turks XT ,,,"
- ",0.0,Yes,DX 11,,0.0,No,0KB,AMD,45 Watts,1024 MB ,64GB/sec,128 Bit ,1000 MHz,GDDR5,radeon hd 7670a,No,4.1,,5 GPixel/s,None ,40nm,8,"
01-Jan-2012 ",,2560x1600,Yes,5.0,24.0,14 GTexel/s,0.0,2348,GPU,2012-01-05,40.0,45.0,118.0,716.0,600.0,TSMC,AMD,,576.0,
GCN 1.0 Cape Verde LE ,1600 x 900,,800 MHz,1.0,Yes,DX 12.0,,1.0,No,512KB,AMD,47 Watts,1024 MB ,72GB/sec,128 Bit ,1125 MHz,GDDR5,radeon hd 7730,No,4.4,400 Watt & 29 Amps,6 GPixel/s,None ,28nm,8,"
01-May-2013 ",$59.00,4096x2160,Yes,5.0,24.0,19 GTexel/s,0.0,4482,GPU,2013-05-01,28.0,47.0,123.0,1500.0,800.0,TSMC,AMD,,614.4,38.4
Terascale 2 Turks PRO ,1600 x 900,,650 MHz,1.0,Yes,DX 11.0,,1.0,No,256KB,AMD,60 Watts,1024 MB ,51.2GB/sec,128 Bit ,800 MHz,GDDR5,radeon hd 7570,No,4.3,400 Watt & 29 Amps,5 GPixel/s,None ,40nm,8,"
05-Jan-2012 ",,2560x1600,Yes,5.0,24.0,16 GTexel/s,1.0,2365,GPU,2012-01-05,40.0,60.0,118.0,716.0,650.0,TSMC,AMD,,624.0,
Redwood ,,,"
- ",0.0,Yes,DX 11,,0.0,No,0KB,AMD,18 Watts,1024 MB ,12.8GB/sec,64 Bit ,800 MHz,DDR3,radeon hd 7470a,No,4.1,,6 GPixel/s,None ,40nm,8,"
01-Jan-2012 ",,2560x1600,No,5.0,20.0,16 GTexel/s,0.0,2699,GPU,2012-01-05,40.0,18.0,104.0,627.0,775.0,TSMC,AMD,,620.0,
Redwood ,,,"
- ",0.0,Yes,DX 11,,0.0,No,0KB,AMD,18 Watts,1024 MB ,12.8GB/sec,64 Bit ,800 MHz,DDR3,radeon hd 7470a,No,4.1,,6 GPixel/s,None ,40nm,8,"
01-Jan-2012 ",,2560x1600,No,5.0,20.0,16 GTexel/s,0.0,3520,GPU,2012-01-05,40.0,25.0,67.0,370.0,625.0,TSMC,AMD,,200.0,
Caicos ,,,"
- ",0.0,No,DX 11,,0.0,Yes,0KB,AMD,25 Watts,,12.8GB/sec,64 Bit ,800 MHz,DDR3,radeon hd 7450a,No,4.1,,3 GPixel/s,None ,40nm,4,"
01-Jan-2012 ",,2560x1600,No,5.0,8.0,5 GTexel/s,0.0,2246,GPU,2012-01-05,40.0,25.0,67.0,370.0,625.0,TSMC,AMD,,200.0,
